user_id,market,market_cn,consumer_type,age,gender,aov_usd,monthly_frequency,annual_spend_usd
1,SEA,东南亚,海外华人,25,女,11.4,3,29.2
2,SEA,东南亚,海外华人,32,女,5.8,5,29.5
3,SEA,东南亚,海外华人,19,女,8.7,7,67.6
4,SEA,东南亚,海外华人,30,女,7.5,7,47.0
5,SEA,东南亚,海外华人,29,男,8.2,4,37.2
6,SEA,东南亚,海外华人,25,女,15.3,2,27.7
7,SEA,东南亚,海外华人,34,男,7.2,2,14.6
8,SEA,东南亚,海外华人,34,男,10.8,2,19.5
9,SEA,东南亚,海外华人,24,男,7.3,4,29.5
10,SEA,东南亚,海外华人,36,女,8.6,5,34.7
11,SEA,东南亚,海外华人,27,女,15.4,7,103.4
12,SEA,东南亚,海外华人,32,女,10.1,5,43.1
13,SEA,东南亚,海外华人,20,女,13.1,4,50.9
14,SEA,东南亚,海外华人,21,男,5.8,3,19.0
15,SEA,东南亚,海外华人,37,女,9.3,5,46.8
16,SEA,东南亚,海外华人,33,男,4.2,3,14.8
17,SEA,东南亚,海外华人,25,女,4.5,7,26.5
18,SEA,东南亚,海外华人,22,女,7.7,4,26.4
19,SEA,东南亚,海外华人,29,男,10.2,3,29.1
20,SEA,东南亚,海外华人,27,女,11.5,8,91.6
21,SEA,东南亚,海外华人,27,男,8.7,2,17.3
22,SEA,东南亚,海外华人,18,女,3.6,2,7.0
23,SEA,东南亚,海外华人,15,女,9.4,1,9.6
24,SEA,东南亚,海外华人,26,女,9.3,1,10.3
25,SEA,东南亚,海外华人,22,女,12.6,7,91.6
26,SEA,东南亚,海外华人,18,男,9.5,4,36.3
27,SEA,东南亚,海外华人,27,女,5.5,5,31.4
28,SEA,东南亚,海外华人,28,男,7.7,3,19.6
29,SEA,东南亚,海外华人,24,女,11.1,3,34.4
30,SEA,东南亚,海外华人,32,男,12.3,8,111.0
31,SEA,东南亚,海外华人,30,女,8.6,1,7.6
32,SEA,东南亚,海外华人,33,男,4.5,4,21.0
33,SEA,东南亚,海外华人,23,男,4.0,5,17.7
34,SEA,东南亚,海外华人,26,男,11.9,2,27.9
35,SEA,东南亚,海外华人,23,女,7.2,1,6.8
36,SEA,东南亚,海外华人,36,女,5.6,1,5.8
37,SEA,东南亚,海外华人,31,女,6.1,4,25.4
38,SEA,东南亚,海外华人,30,男,7.3,2,13.7
39,SEA,东南亚,海外华人,19,女,12.4,5,57.6
40,SEA,东南亚,海外华人,26,男,6.7,4,22.8
41,SEA,东南亚,海外华人,30,男,10.0,3,29.1
42,SEA,东南亚,海外华人,28,女,7.8,2,18.2
43,SEA,东南亚,海外华人,27,女,8.8,6,47.7
44,SEA,东南亚,海外华人,29,女,6.5,3,16.2
45,SEA,东南亚,海外华人,17,男,3.9,5,19.0
46,SEA,东南亚,海外华人,23,女,8.4,2,19.6
47,SEA,东南亚,海外华人,36,女,10.0,3,25.5
48,SEA,东南亚,海外华人,27,女,6.4,2,12.2
49,SEA,东南亚,海外华人,29,女,5.5,4,21.1
50,SEA,东南亚,海外华人,35,女,9.3,8,88.5
51,SEA,东南亚,海外华人,15,女,9.5,3,31.7
52,SEA,东南亚,海外华人,39,女,7.9,2,15.0
53,SEA,东南亚,海外华人,28,女,12.2,5,52.9
54,SEA,东南亚,海外华人,27,女,6.2,3,17.9
55,SEA,东南亚,海外华人,30,男,3.4,4,15.9
56,SEA,东南亚,海外华人,39,男,5.4,3,13.6
57,SEA,东南亚,海外华人,27,女,6.9,5,31.4
58,SEA,东南亚,海外华人,31,男,9.4,4,32.7
59,SEA,东南亚,海外华人,34,男,6.0,5,33.7
60,SEA,东南亚,海外华人,29,男,3.0,5,15.4
61,SEA,东南亚,海外华人,36,男,10.0,6,66.5
62,SEA,东南亚,海外华人,29,女,8.3,4,29.3
63,SEA,东南亚,海外华人,34,女,10.3,4,37.6
64,SEA,东南亚,海外华人,14,女,3.5,5,20.2
65,SEA,东南亚,海外华人,25,男,12.7,3,31.7
66,SEA,东南亚,海外华人,30,男,11.7,5,58.2
67,SEA,东南亚,海外华人,28,男,10.2,6,72.3
68,SEA,东南亚,海外华人,21,女,6.6,4,23.1
69,SEA,东南亚,海外华人,16,男,15.0,2,35.4
70,SEA,东南亚,海外华人,31,女,5.2,1,5.1
71,SEA,东南亚,海外华人,24,男,6.4,5,37.1
72,SEA,东南亚,海外华人,39,男,11.1,5,65.3
73,SEA,东南亚,海外华人,32,女,14.9,6,82.4
74,SEA,东南亚,海外华人,24,女,8.7,4,36.1
75,SEA,东南亚,海外华人,27,男,11.4,2,25.5
76,SEA,东南亚,海外华人,23,男,6.4,5,27.7
77,SEA,东南亚,海外华人,21,男,12.9,1,14.8
78,SEA,东南亚,海外华人,23,男,9.1,1,9.3
79,SEA,东南亚,海外华人,38,女,7.1,4,24.7
80,SEA,东南亚,海外华人,25,男,8.2,5,36.6
81,SEA,东南亚,海外华人,30,女,14.3,2,30.3
82,SEA,东南亚,海外华人,35,男,10.4,4,36.0
83,SEA,东南亚,海外华人,32,女,5.0,8,45.5
84,SEA,东南亚,海外华人,22,女,12.3,4,48.3
85,SEA,东南亚,海外华人,21,男,7.3,4,26.6
86,SEA,东南亚,海外华人,15,女,5.9,4,19.6
87,SEA,东南亚,海外华人,23,女,9.8,4,40.0
88,SEA,东南亚,海外华人,22,男,12.3,4,45.3
89,SEA,东南亚,海外华人,27,男,12.1,7,95.0
90,SEA,东南亚,海外华人,25,男,4.1,3,14.6
91,SEA,东南亚,海外华人,42,男,8.1,2,17.1
92,SEA,东南亚,海外华人,22,男,6.8,6,37.7
93,SEA,东南亚,海外华人,28,女,7.1,4,31.6
94,SEA,东南亚,海外华人,30,女,6.3,5,27.3
95,SEA,东南亚,海外华人,29,男,8.2,6,58.1
96,SEA,东南亚,海外华人,16,女,5.0,1,4.1
97,SEA,东南亚,海外华人,34,男,11.2,6,64.0
98,SEA,东南亚,海外华人,34,男,6.9,3,21.2
99,SEA,东南亚,海外华人,30,男,8.4,2,16.3
100,SEA,东南亚,海外华人,20,男,6.0,2,9.7
101,SEA,东南亚,海外华人,24,男,12.0,2,20.4
102,SEA,东南亚,海外华人,22,男,13.3,6,94.3
103,SEA,东南亚,海外华人,30,女,5.9,5,29.1
104,SEA,东南亚,海外华人,34,女,6.4,4,24.3
105,SEA,东南亚,海外华人,15,男,4.8,4,21.7
106,SEA,东南亚,海外华人,41,女,10.0,1,10.9
107,SEA,东南亚,海外华人,21,男,11.5,5,67.6
108,SEA,东南亚,海外华人,37,男,8.8,8,60.8
109,SEA,东南亚,海外华人,28,男,11.4,6,80.6
110,SEA,东南亚,海外华人,27,女,15.0,2,32.1
111,SEA,东南亚,海外华人,32,女,9.7,4,35.6
112,SEA,东南亚,海外华人,26,男,4.6,3,15.0
113,SEA,东南亚,海外华人,28,女,3.5,3,10.2
114,SEA,东南亚,海外华人,31,女,9.8,5,46.9
115,SEA,东南亚,海外华人,27,女,15.8,3,53.8
116,SEA,东南亚,海外华人,20,女,5.3,5,22.7
117,SEA,东南亚,海外华人,20,男,5.9,4,25.5
118,SEA,东南亚,海外华人,28,女,8.3,8,62.9
119,SEA,东南亚,海外华人,25,男,6.4,7,46.5
120,SEA,东南亚,海外华人,31,女,3.0,4,14.1
121,SEA,东南亚,海外华人,24,女,10.1,3,27.0
122,SEA,东南亚,海外华人,26,女,9.1,6,48.0
123,SEA,东南亚,海外华人,23,男,5.7,5,24.1
124,SEA,东南亚,海外华人,33,男,8.8,5,51.5
125,SEA,东南亚,海外华人,44,男,14.8,4,50.3
126,SEA,东南亚,海外华人,38,男,10.3,4,33.7
127,SEA,东南亚,海外华人,22,女,15.3,7,115.9
128,SEA,东南亚,海外华人,31,女,5.5,1,4.9
129,SEA,东南亚,海外华人,25,女,3.7,4,14.0
130,SEA,东南亚,海外华人,42,女,10.0,1,10.6
131,SEA,东南亚,海外华人,14,男,10.3,8,82.9
132,SEA,东南亚,海外华人,38,男,13.1,3,43.6
133,SEA,东南亚,海外华人,39,女,14.4,5,73.4
134,SEA,东南亚,海外华人,14,男,7.5,3,19.1
135,SEA,东南亚,海外华人,30,男,9.0,5,40.5
136,SEA,东南亚,海外华人,31,男,7.6,5,32.5
137,SEA,东南亚,海外华人,37,女,10.1,5,44.4
138,SEA,东南亚,海外华人,27,男,11.0,2,23.4
139,SEA,东南亚,海外华人,33,男,3.0,1,3.0
140,SEA,东南亚,海外华人,21,女,3.0,8,22.4
141,SEA,东南亚,海外华人,23,女,10.6,4,37.1
142,SEA,东南亚,海外华人,21,男,4.9,8,44.8
143,SEA,东南亚,海外华人,36,男,13.0,6,85.3
144,SEA,东南亚,海外华人,27,男,5.2,7,34.1
145,SEA,东南亚,海外华人,24,男,9.0,5,48.2
146,SEA,东南亚,海外华人,20,女,10.7,4,50.5
147,SEA,东南亚,海外华人,29,男,7.5,5,40.3
148,SEA,东南亚,海外华人,26,男,6.5,2,12.4
149,SEA,东南亚,海外华人,14,女,11.2,3,36.5
150,SEA,东南亚,海外华人,25,女,7.7,2,16.6
151,SEA,东南亚,海外华人,35,男,12.5,7,83.7
152,SEA,东南亚,海外华人,19,男,8.3,3,24.1
153,SEA,东南亚,海外华人,26,女,8.5,3,29.1
154,SEA,东南亚,海外华人,23,女,6.9,3,21.2
155,SEA,东南亚,海外华人,25,女,10.8,5,43.9
156,SEA,东南亚,海外华人,21,男,11.8,6,62.1
157,SEA,东南亚,海外华人,29,男,10.3,1,9.8
158,SEA,东南亚,海外华人,23,男,5.1,3,15.0
159,SEA,东南亚,海外华人,29,女,9.2,6,64.9
160,SEA,东南亚,海外华人,39,男,9.3,3,33.0
161,SEA,东南亚,海外华人,31,男,6.3,3,21.4
162,SEA,东南亚,海外华人,39,女,9.3,3,26.6
163,SEA,东南亚,海外华人,25,女,8.9,1,7.2
164,SEA,东南亚,海外华人,22,男,11.9,1,12.5
165,SEA,东南亚,海外华人,35,男,8.5,4,39.0
166,SEA,东南亚,海外华人,14,女,3.9,3,12.6
167,SEA,东南亚,海外华人,31,男,10.7,2,19.4
168,SEA,东南亚,海外华人,24,男,6.9,4,30.3
169,SEA,东南亚,海外华人,30,男,7.4,2,14.0
170,SEA,东南亚,海外华人,22,男,3.7,3,9.8
171,SEA,东南亚,海外华人,28,女,5.6,6,28.3
172,SEA,东南亚,海外华人,18,男,6.8,2,13.3
173,SEA,东南亚,海外华人,30,女,3.0,2,4.9
174,SEA,东南亚,海外华人,23,男,10.9,3,26.2
175,SEA,东南亚,海外华人,22,男,5.7,5,30.0
176,SEA,东南亚,海外华人,32,男,6.6,1,7.8
177,SEA,东南亚,海外华人,35,女,11.2,3,31.6
178,SEA,东南亚,海外华人,30,女,4.4,2,9.5
179,SEA,东南亚,海外华人,26,男,7.1,4,27.1
180,SEA,东南亚,海外华人,42,女,15.4,1,14.4
181,SEA,东南亚,海外华人,38,男,6.4,5,33.1
182,SEA,东南亚,海外华人,26,女,11.5,3,31.0
183,SEA,东南亚,海外华人,19,女,7.1,2,16.2
184,SEA,东南亚,海外华人,26,女,3.0,3,7.4
185,SEA,东南亚,海外华人,26,男,6.8,3,17.9
186,SEA,东南亚,海外华人,19,男,5.7,3,15.1
187,SEA,东南亚,海外华人,25,男,5.1,6,28.9
188,SEA,东南亚,海外华人,28,男,9.8,2,21.1
189,SEA,东南亚,海外华人,26,女,9.3,5,54.5
190,SEA,东南亚,海外华人,27,女,9.0,3,31.8
191,SEA,东南亚,海外华人,28,女,11.4,1,12.6
192,SEA,东南亚,海外华人,28,男,8.7,6,62.4
193,SEA,东南亚,海外华人,22,男,13.3,1,12.4
194,SEA,东南亚,海外华人,18,女,6.7,7,37.8
195,SEA,东南亚,海外华人,14,女,6.8,1,6.3
196,SEA,东南亚,海外华人,24,男,7.9,4,37.0
197,SEA,东南亚,海外华人,32,男,7.3,2,12.4
198,SEA,东南亚,海外华人,23,女,3.8,5,18.5
199,SEA,东南亚,海外华人,41,女,6.3,1,5.7
200,SEA,东南亚,海外华人,20,女,11.3,4,41.0
201,SEA,东南亚,海外华人,42,女,10.2,4,33.6
202,SEA,东南亚,海外华人,31,男,3.2,4,10.3
203,SEA,东南亚,海外华人,17,女,5.2,5,27.0
204,SEA,东南亚,海外华人,20,女,12.6,2,23.8
205,SEA,东南亚,海外华人,27,女,5.2,4,17.4
206,SEA,东南亚,海外华人,35,男,11.1,4,42.2
207,SEA,东南亚,海外华人,29,男,11.9,1,11.9
208,SEA,东南亚,海外华人,30,女,6.5,4,29.1
209,SEA,东南亚,海外华人,21,男,16.0,1,13.5
210,SEA,东南亚,海外华人,32,女,9.2,6,61.1
211,SEA,东南亚,海外华人,47,男,7.5,4,31.8
212,SEA,东南亚,海外华人,22,女,12.9,2,27.0
213,SEA,东南亚,海外华人,41,女,8.6,5,44.6
214,SEA,东南亚,海外华人,28,女,7.1,3,21.5
215,SEA,东南亚,海外华人,37,男,6.5,2,10.9
216,SEA,东南亚,海外华人,19,女,9.9,2,20.1
217,SEA,东南亚,海外华人,16,女,4.6,3,11.4
218,SEA,东南亚,海外华人,24,男,8.4,6,46.6
219,SEA,东南亚,海外华人,24,女,6.1,5,25.2
220,SEA,东南亚,海外华人,24,女,6.2,3,20.4
221,SEA,东南亚,海外华人,26,男,15.0,2,28.0
222,SEA,东南亚,海外华人,35,女,7.1,6,43.1
223,SEA,东南亚,海外华人,23,男,12.3,1,11.3
224,SEA,东南亚,海外华人,24,女,11.1,1,8.9
225,SEA,东南亚,海外华人,28,女,10.2,3,25.6
226,SEA,东南亚,本地消费者,20,女,3.0,1,2.4
227,SEA,东南亚,本地消费者,20,男,5.7,7,46.1
228,SEA,东南亚,本地消费者,31,男,8.3,1,7.8
229,SEA,东南亚,本地消费者,31,女,14.2,2,29.8
230,SEA,东南亚,本地消费者,24,男,7.2,2,15.6
231,SEA,东南亚,本地消费者,14,男,9.8,6,65.1
232,SEA,东南亚,本地消费者,16,男,10.1,4,37.4
233,SEA,东南亚,本地消费者,22,女,8.8,3,29.4
234,SEA,东南亚,本地消费者,17,女,10.4,5,42.4
235,SEA,东南亚,本地消费者,16,女,10.4,7,72.0
236,SEA,东南亚,本地消费者,14,女,15.1,4,56.9
237,SEA,东南亚,本地消费者,17,女,10.8,4,38.1
238,SEA,东南亚,本地消费者,30,女,6.2,5,29.8
239,SEA,东南亚,本地消费者,14,男,5.8,4,27.8
240,SEA,东南亚,本地消费者,14,男,10.7,3,33.2
241,SEA,东南亚,本地消费者,27,男,9.1,4,40.8
242,SEA,东南亚,本地消费者,28,女,5.9,6,32.9
243,SEA,东南亚,本地消费者,30,女,10.0,7,59.8
244,SEA,东南亚,本地消费者,29,男,9.5,3,28.4
245,SEA,东南亚,本地消费者,27,男,7.0,4,33.0
246,SEA,东南亚,本地消费者,21,男,7.1,5,42.3
247,SEA,东南亚,本地消费者,16,女,8.4,6,56.2
248,SEA,东南亚,本地消费者,14,男,10.0,4,33.5
249,SEA,东南亚,本地消费者,26,男,3.3,3,11.1
250,SEA,东南亚,本地消费者,23,女,6.5,3,22.6
251,SEA,东南亚,本地消费者,26,男,9.2,3,28.5
252,SEA,东南亚,本地消费者,17,男,6.2,6,39.9
253,SEA,东南亚,本地消费者,18,女,6.6,4,28.0
254,SEA,东南亚,本地消费者,27,女,10.7,2,25.2
255,SEA,东南亚,本地消费者,22,男,8.3,1,8.1
256,SEA,东南亚,本地消费者,29,男,11.8,4,54.3
257,SEA,东南亚,本地消费者,29,男,7.5,5,38.1
258,SEA,东南亚,本地消费者,23,男,8.5,2,13.7
259,SEA,东南亚,本地消费者,18,女,13.7,4,49.9
260,SEA,东南亚,本地消费者,15,女,7.5,1,8.8
261,SEA,东南亚,本地消费者,25,男,8.7,5,49.8
262,SEA,东南亚,本地消费者,26,女,10.8,2,18.5
263,SEA,东南亚,本地消费者,14,男,11.7,5,50.5
264,SEA,东南亚,本地消费者,15,男,11.4,1,9.5
265,SEA,东南亚,本地消费者,21,男,9.2,3,22.6
266,SEA,东南亚,本地消费者,34,男,7.8,1,7.8
267,SEA,东南亚,本地消费者,19,女,8.0,6,55.8
268,SEA,东南亚,本地消费者,15,女,8.3,4,32.6
269,SEA,东南亚,本地消费者,24,女,11.7,8,78.9
270,SEA,东南亚,本地消费者,24,女,7.7,1,8.9
271,SEA,东南亚,本地消费者,23,女,16.2,5,76.7
272,SEA,东南亚,本地消费者,23,女,8.7,3,23.1
273,SEA,东南亚,本地消费者,14,女,8.9,3,22.9
274,SEA,东南亚,本地消费者,27,女,8.6,4,31.8
275,SEA,东南亚,本地消费者,19,女,10.7,3,36.9
276,SEA,东南亚,本地消费者,16,男,11.0,2,19.7
277,SEA,东南亚,本地消费者,18,男,11.9,3,29.0
278,SEA,东南亚,本地消费者,21,男,5.3,5,29.5
279,SEA,东南亚,本地消费者,19,女,8.6,3,27.5
280,SEA,东南亚,本地消费者,14,女,6.9,1,7.0
281,SEA,东南亚,本地消费者,14,女,4.1,6,24.7
282,SEA,东南亚,本地消费者,23,女,10.3,7,78.9
283,SEA,东南亚,本地消费者,27,男,4.9,6,25.2
284,SEA,东南亚,本地消费者,28,男,8.5,4,39.8
285,SEA,东南亚,本地消费者,31,女,5.7,5,30.5
286,SEA,东南亚,本地消费者,26,女,5.7,2,13.3
287,SEA,东南亚,本地消费者,25,女,14.7,5,84.9
288,SEA,东南亚,本地消费者,31,女,12.0,1,10.4
289,SEA,东南亚,本地消费者,24,女,7.6,3,25.2
290,SEA,东南亚,本地消费者,25,女,6.5,5,32.0
291,SEA,东南亚,本地消费者,24,女,3.7,1,3.3
292,SEA,东南亚,本地消费者,23,女,12.0,4,55.6
293,SEA,东南亚,本地消费者,15,女,6.7,3,24.0
294,SEA,东南亚,本地消费者,14,男,11.9,3,29.2
295,SEA,东南亚,本地消费者,25,女,9.4,2,20.2
296,SEA,东南亚,本地消费者,18,女,6.4,3,19.0
297,SEA,东南亚,本地消费者,27,男,5.0,4,19.1
298,SEA,东南亚,本地消费者,14,女,8.7,1,7.5
299,SEA,东南亚,本地消费者,29,男,6.4,3,22.4
300,SEA,东南亚,本地消费者,26,女,5.7,1,5.6
301,SEA,东南亚,本地消费者,14,女,7.3,2,14.3
302,SEA,东南亚,本地消费者,21,女,6.5,5,26.7
303,SEA,东南亚,本地消费者,15,女,10.4,5,53.6
304,SEA,东南亚,本地消费者,21,女,8.2,6,58.4
305,SEA,东南亚,本地消费者,29,女,10.6,2,25.1
306,SEA,东南亚,本地消费者,18,女,10.8,1,10.3
307,SEA,东南亚,本地消费者,14,男,3.0,4,13.3
308,SEA,东南亚,本地消费者,19,男,14.0,2,28.2
309,SEA,东南亚,本地消费者,22,男,13.4,1,13.4
310,SEA,东南亚,本地消费者,28,女,7.9,5,37.0
311,SEA,东南亚,本地消费者,18,男,9.8,8,67.3
312,SEA,东南亚,本地消费者,25,女,11.6,3,39.8
313,SEA,东南亚,本地消费者,27,男,11.0,2,22.4
314,SEA,东南亚,本地消费者,26,男,8.7,4,30.8
315,SEA,东南亚,本地消费者,14,女,10.8,2,21.9
316,SEA,东南亚,本地消费者,27,男,5.6,5,28.5
317,SEA,东南亚,本地消费者,19,男,12.3,6,80.4
318,SEA,东南亚,本地消费者,27,男,3.0,2,6.9
319,SEA,东南亚,本地消费者,26,女,5.1,4,17.9
320,SEA,东南亚,本地消费者,28,男,9.3,5,44.2
321,SEA,东南亚,本地消费者,18,女,12.0,1,13.3
322,SEA,东南亚,本地消费者,30,女,11.7,4,39.4
323,SEA,东南亚,本地消费者,27,男,8.7,2,20.3
324,SEA,东南亚,本地消费者,31,女,4.9,2,8.0
325,SEA,东南亚,本地消费者,27,女,3.6,3,11.5
326,SEA,东南亚,本地消费者,16,男,8.5,3,25.3
327,SEA,东南亚,本地消费者,21,女,9.4,3,32.9
328,SEA,东南亚,本地消费者,18,女,11.4,5,55.2
329,SEA,东南亚,本地消费者,20,男,11.9,3,31.8
330,SEA,东南亚,本地消费者,20,女,5.5,1,4.7
331,SEA,东南亚,本地消费者,22,女,8.5,1,9.0
332,SEA,东南亚,本地消费者,20,女,12.1,3,32.6
333,SEA,东南亚,本地消费者,18,男,7.7,3,22.4
334,SEA,东南亚,本地消费者,23,男,11.6,3,36.1
335,SEA,东南亚,本地消费者,25,女,6.7,3,17.0
336,SEA,东南亚,本地消费者,22,女,7.6,1,8.8
337,SEA,东南亚,本地消费者,29,男,9.0,2,19.5
338,SEA,东南亚,本地消费者,20,女,7.1,3,21.0
339,SEA,东南亚,本地消费者,24,女,10.6,2,23.6
340,SEA,东南亚,本地消费者,23,男,4.9,3,17.1
341,SEA,东南亚,本地消费者,23,女,6.2,5,28.3
342,SEA,东南亚,本地消费者,14,女,5.4,3,18.6
343,SEA,东南亚,本地消费者,18,男,7.8,4,36.1
344,SEA,东南亚,本地消费者,17,男,10.1,4,43.7
345,SEA,东南亚,本地消费者,15,女,9.5,5,42.9
346,SEA,东南亚,本地消费者,19,女,3.9,3,9.9
347,SEA,东南亚,本地消费者,33,女,5.2,5,27.0
348,SEA,东南亚,本地消费者,20,男,10.9,1,9.4
349,SEA,东南亚,本地消费者,21,女,8.5,6,56.3
350,SEA,东南亚,本地消费者,24,女,7.2,7,57.2
351,SEA,东南亚,本地消费者,30,男,5.8,3,14.5
352,SEA,东南亚,本地消费者,17,男,10.0,5,41.8
353,SEA,东南亚,本地消费者,14,女,7.4,4,26.7
354,SEA,东南亚,本地消费者,18,女,9.0,6,59.6
355,SEA,东南亚,本地消费者,31,女,9.6,5,51.6
356,SEA,东南亚,本地消费者,23,女,7.0,3,18.3
357,SEA,东南亚,本地消费者,18,男,7.9,8,51.0
358,SEA,东南亚,本地消费者,17,男,10.2,1,10.9
359,SEA,东南亚,本地消费者,27,女,6.3,7,42.6
360,SEA,东南亚,本地消费者,33,女,11.8,4,41.3
361,SEA,东南亚,本地消费者,22,女,11.1,1,13.2
362,SEA,东南亚,本地消费者,28,女,7.7,2,17.9
363,SEA,东南亚,本地消费者,14,男,6.6,7,48.6
364,SEA,东南亚,本地消费者,20,女,12.7,7,98.4
365,SEA,东南亚,本地消费者,25,女,6.9,3,18.7
366,SEA,东南亚,本地消费者,14,女,7.7,1,6.8
367,SEA,东南亚,本地消费者,27,男,3.0,3,9.4
368,SEA,东南亚,本地消费者,14,女,3.0,2,5.2
369,SEA,东南亚,本地消费者,15,女,8.7,5,51.5
370,SEA,东南亚,本地消费者,38,女,8.4,6,56.6
371,SEA,东南亚,本地消费者,14,女,6.9,4,28.2
372,SEA,东南亚,本地消费者,14,女,9.3,1,9.6
373,SEA,东南亚,本地消费者,14,女,10.5,1,8.6
374,SEA,东南亚,本地消费者,33,女,7.1,5,36.6
375,SEA,东南亚,本地消费者,29,男,3.0,1,2.7
376,SEA,东南亚,本地消费者,21,女,4.8,6,23.4
377,SEA,东南亚,本地消费者,19,女,9.0,3,31.9
378,SEA,东南亚,本地消费者,19,女,7.4,1,6.2
379,SEA,东南亚,本地消费者,19,女,9.6,5,53.5
380,SEA,东南亚,本地消费者,21,男,6.5,3,22.5
381,SEA,东南亚,本地消费者,14,女,11.1,2,22.3
382,SEA,东南亚,本地消费者,21,女,7.8,3,23.9
383,SEA,东南亚,本地消费者,27,女,12.9,2,29.7
384,SEA,东南亚,本地消费者,17,男,9.6,4,43.5
385,SEA,东南亚,本地消费者,21,女,3.0,1,3.1
386,SEA,东南亚,本地消费者,16,女,11.8,4,44.3
387,SEA,东南亚,本地消费者,22,男,8.0,2,18.2
388,SEA,东南亚,本地消费者,32,女,7.4,8,61.8
389,SEA,东南亚,本地消费者,28,男,7.5,4,35.2
390,SEA,东南亚,本地消费者,14,女,5.8,2,13.3
391,SEA,东南亚,本地消费者,26,女,11.4,4,44.8
392,SEA,东南亚,本地消费者,25,女,12.0,3,33.7
393,SEA,东南亚,本地消费者,30,女,13.9,4,59.9
394,SEA,东南亚,本地消费者,33,女,13.4,3,33.5
395,SEA,东南亚,本地消费者,23,女,7.7,3,21.4
396,SEA,东南亚,本地消费者,28,男,7.3,2,12.2
397,SEA,东南亚,本地消费者,15,女,6.5,3,21.5
398,SEA,东南亚,本地消费者,23,女,6.5,4,28.9
399,SEA,东南亚,本地消费者,25,男,5.9,3,15.6
400,SEA,东南亚,本地消费者,32,男,10.8,6,74.3
401,SEA,东南亚,本地消费者,14,男,9.7,2,15.6
402,SEA,东南亚,本地消费者,16,男,6.4,1,7.1
403,SEA,东南亚,本地消费者,22,男,15.0,2,25.0
404,SEA,东南亚,本地消费者,16,女,10.4,2,20.8
405,SEA,东南亚,本地消费者,27,女,11.0,3,30.4
406,SEA,东南亚,本地消费者,19,女,7.1,2,12.3
407,SEA,东南亚,本地消费者,25,女,8.9,3,23.1
408,SEA,东南亚,本地消费者,17,女,15.6,2,33.0
409,SEA,东南亚,本地消费者,28,女,10.5,3,28.2
410,SEA,东南亚,本地消费者,31,男,8.1,5,42.4
411,SEA,东南亚,本地消费者,24,女,6.2,1,6.0
412,SEA,东南亚,本地消费者,17,女,13.5,3,33.8
413,SEA,东南亚,本地消费者,19,女,7.3,6,42.2
414,SEA,东南亚,本地消费者,27,男,5.0,3,12.2
415,SEA,东南亚,本地消费者,14,男,16.2,3,39.8
416,SEA,东南亚,本地消费者,15,女,7.9,2,16.4
417,SEA,东南亚,本地消费者,20,女,11.3,7,86.8
418,SEA,东南亚,本地消费者,23,女,9.7,8,79.4
419,SEA,东南亚,本地消费者,39,女,3.0,2,6.7
420,SEA,东南亚,本地消费者,31,女,10.2,4,48.0
421,SEA,东南亚,本地消费者,25,男,15.2,3,44.5
422,SEA,东南亚,本地消费者,31,男,7.0,1,7.5
423,SEA,东南亚,本地消费者,26,男,12.0,2,28.4
424,SEA,东南亚,本地消费者,23,女,13.5,1,16.0
425,SEA,东南亚,本地消费者,15,男,5.2,2,11.5
426,SEA,东南亚,本地消费者,25,女,7.7,2,17.0
427,SEA,东南亚,本地消费者,24,女,8.9,3,29.4
428,SEA,东南亚,本地消费者,25,女,5.0,2,9.4
429,SEA,东南亚,本地消费者,31,女,12.1,5,66.2
430,SEA,东南亚,本地消费者,28,女,7.6,4,29.0
431,SEA,东南亚,本地消费者,20,女,12.8,2,25.5
432,SEA,东南亚,本地消费者,17,女,6.5,4,25.3
433,SEA,东南亚,本地消费者,25,女,7.8,6,46.5
434,SEA,东南亚,本地消费者,30,女,8.5,5,36.0
435,SEA,东南亚,本地消费者,29,男,7.0,6,42.3
436,SEA,东南亚,本地消费者,19,女,13.9,4,61.7
437,SEA,东南亚,本地消费者,14,女,10.1,4,34.0
438,SEA,东南亚,本地消费者,16,男,6.0,3,14.8
439,SEA,东南亚,本地消费者,24,女,10.6,4,35.0
440,SEA,东南亚,本地消费者,21,女,3.0,1,2.4
441,SEA,东南亚,本地消费者,19,男,4.5,3,13.7
442,SEA,东南亚,本地消费者,22,男,11.8,3,28.7
443,SEA,东南亚,本地消费者,27,女,5.3,7,30.4
444,SEA,东南亚,本地消费者,31,女,8.1,8,56.7
445,SEA,东南亚,本地消费者,14,女,13.7,4,51.1
446,SEA,东南亚,本地消费者,22,女,13.9,4,48.3
447,SEA,东南亚,本地消费者,23,男,14.3,2,30.2
448,SEA,东南亚,本地消费者,25,男,6.1,8,54.6
449,SEA,东南亚,本地消费者,24,女,9.8,7,70.7
450,SEA,东南亚,本地消费者,14,男,6.6,3,21.7
451,SEA,东南亚,本地消费者,23,女,6.9,2,16.2
452,SEA,东南亚,本地消费者,15,女,9.8,4,34.5
453,SEA,东南亚,本地消费者,21,男,3.9,8,35.0
454,SEA,东南亚,本地消费者,23,女,7.4,3,20.5
455,SEA,东南亚,本地消费者,15,女,10.5,5,45.0
456,SEA,东南亚,本地消费者,15,女,6.8,2,14.1
457,SEA,东南亚,本地消费者,26,女,3.0,5,14.0
458,SEA,东南亚,本地消费者,25,女,9.1,5,54.4
459,SEA,东南亚,本地消费者,23,男,9.2,6,64.7
460,SEA,东南亚,本地消费者,17,女,3.0,2,7.2
461,SEA,东南亚,本地消费者,22,女,6.2,3,21.0
462,SEA,东南亚,本地消费者,17,女,5.0,6,32.5
463,SEA,东南亚,本地消费者,25,女,3.0,1,3.3
464,SEA,东南亚,本地消费者,18,女,7.1,6,35.6
465,SEA,东南亚,本地消费者,24,男,9.0,7,56.5
466,SEA,东南亚,本地消费者,23,女,7.2,5,41.4
467,SEA,东南亚,本地消费者,32,女,9.8,3,28.1
468,SEA,东南亚,本地消费者,26,女,9.6,4,39.2
469,SEA,东南亚,本地消费者,35,男,3.0,3,7.5
470,SEA,东南亚,本地消费者,29,女,9.7,3,31.0
471,SEA,东南亚,本地消费者,16,女,5.9,1,6.9
472,SEA,东南亚,本地消费者,17,女,7.0,1,5.8
473,SEA,东南亚,本地消费者,14,女,3.0,2,6.3
474,SEA,东南亚,本地消费者,22,男,4.7,7,35.4
475,SEA,东南亚,本地消费者,19,男,6.2,3,15.8
476,SEA,东南亚,本地消费者,21,女,12.1,4,53.6
477,SEA,东南亚,本地消费者,24,女,7.8,4,25.0
478,SEA,东南亚,本地消费者,15,男,10.6,3,27.5
479,SEA,东南亚,本地消费者,27,男,9.7,5,48.1
480,SEA,东南亚,本地消费者,26,男,8.4,3,21.5
481,SEA,东南亚,本地消费者,18,女,13.4,3,39.2
482,SEA,东南亚,本地消费者,37,男,4.1,5,19.4
483,SEA,东南亚,本地消费者,14,女,8.6,3,29.7
484,SEA,东南亚,本地消费者,26,女,10.2,7,73.6
485,SEA,东南亚,本地消费者,19,女,13.3,1,15.0
486,SEA,东南亚,本地消费者,18,男,6.4,5,38.3
487,SEA,东南亚,本地消费者,16,男,10.1,3,29.4
488,SEA,东南亚,本地消费者,23,女,5.6,8,40.4
489,SEA,东南亚,本地消费者,17,男,12.6,8,100.2
490,SEA,东南亚,本地消费者,14,男,10.2,3,26.7
491,SEA,东南亚,本地消费者,21,女,7.3,1,7.9
492,SEA,东南亚,本地消费者,17,男,6.3,2,12.3
493,SEA,东南亚,本地消费者,21,女,9.5,2,21.0
494,SEA,东南亚,本地消费者,25,男,13.5,3,38.1
495,SEA,东南亚,本地消费者,24,男,9.8,1,9.8
496,SEA,东南亚,本地消费者,30,女,3.0,3,9.1
497,SEA,东南亚,本地消费者,15,女,9.1,1,9.6
498,SEA,东南亚,本地消费者,33,男,10.8,3,27.5
499,SEA,东南亚,本地消费者,17,男,5.5,1,5.8
500,SEA,东南亚,本地消费者,19,女,3.5,4,14.5
501,NAM,北美,海外华人,24,男,30.6,3,85.4
502,NAM,北美,海外华人,20,女,21.1,1,21.1
503,NAM,北美,海外华人,31,女,18.7,7,147.8
504,NAM,北美,海外华人,30,男,27.4,2,60.4
505,NAM,北美,海外华人,24,男,31.0,4,119.5
506,NAM,北美,海外华人,15,男,3.5,2,8.1
507,NAM,北美,海外华人,27,女,22.0,2,45.2
508,NAM,北美,海外华人,31,女,26.6,2,55.3
509,NAM,北美,海外华人,16,女,22.4,1,26.0
510,NAM,北美,海外华人,28,女,17.8,1,15.2
511,NAM,北美,海外华人,17,男,17.2,1,18.6
512,NAM,北美,海外华人,23,女,30.5,2,54.1
513,NAM,北美,海外华人,26,男,24.3,1,27.5
514,NAM,北美,海外华人,46,男,24.7,5,146.1
515,NAM,北美,海外华人,22,女,30.2,6,157.8
516,NAM,北美,海外华人,21,女,34.9,4,140.1
517,NAM,北美,海外华人,27,女,16.5,2,38.0
518,NAM,北美,海外华人,25,男,15.9,4,62.7
519,NAM,北美,海外华人,33,女,19.4,2,35.3
520,NAM,北美,海外华人,31,男,14.6,2,30.8
521,NAM,北美,海外华人,23,男,24.2,4,97.9
522,NAM,北美,海外华人,23,男,19.6,5,101.0
523,NAM,北美,海外华人,23,男,28.6,4,101.9
524,NAM,北美,海外华人,32,女,15.5,1,15.6
525,NAM,北美,海外华人,31,女,25.7,1,29.8
526,NAM,北美,海外华人,24,男,20.1,2,35.8
527,NAM,北美,海外华人,29,女,32.2,5,189.8
528,NAM,北美,海外华人,21,男,19.6,1,22.0
529,NAM,北美,海外华人,28,女,26.8,4,100.0
530,NAM,北美,海外华人,26,男,16.1,2,32.2
531,NAM,北美,海外华人,22,男,20.3,4,90.1
532,NAM,北美,海外华人,29,女,23.4,1,27.5
533,NAM,北美,海外华人,33,男,4.2,2,8.2
534,NAM,北美,海外华人,23,女,8.3,5,41.3
535,NAM,北美,海外华人,35,男,33.6,1,32.6
536,NAM,北美,海外华人,20,男,23.2,2,40.4
537,NAM,北美,海外华人,26,男,30.2,4,100.2
538,NAM,北美,海外华人,14,女,14.6,3,38.0
539,NAM,北美,海外华人,25,女,28.3,5,121.2
540,NAM,北美,海外华人,24,女,26.4,1,28.2
541,NAM,北美,海外华人,34,女,33.0,1,33.9
542,NAM,北美,海外华人,18,男,10.7,2,21.5
543,NAM,北美,海外华人,23,女,17.7,3,55.5
544,NAM,北美,海外华人,14,女,18.0,5,97.2
545,NAM,北美,海外华人,34,男,24.3,2,56.1
546,NAM,北美,海外华人,26,女,16.4,2,27.8
547,NAM,北美,海外华人,41,女,14.2,2,33.4
548,NAM,北美,海外华人,22,男,34.0,3,87.7
549,NAM,北美,海外华人,22,女,43.4,7,328.3
550,NAM,北美,海外华人,29,女,13.5,3,36.5
551,NAM,北美,海外华人,27,男,21.6,6,119.0
552,NAM,北美,海外华人,34,女,24.2,3,86.9
553,NAM,北美,海外华人,35,女,35.4,4,144.7
554,NAM,北美,海外华人,25,女,31.6,1,34.3
555,NAM,北美,海外华人,17,男,13.1,3,35.9
556,NAM,北美,海外华人,14,女,22.5,2,41.8
557,NAM,北美,海外华人,24,女,24.4,2,42.1
558,NAM,北美,海外华人,23,女,3.0,2,5.4
559,NAM,北美,海外华人,28,女,12.4,2,28.4
560,NAM,北美,海外华人,31,男,15.6,1,17.3
561,NAM,北美,海外华人,40,女,43.5,3,139.7
562,NAM,北美,海外华人,22,女,12.5,2,27.2
563,NAM,北美,海外华人,33,女,19.1,2,44.0
564,NAM,北美,海外华人,30,女,10.6,5,53.7
565,NAM,北美,海外华人,28,女,31.4,3,83.6
566,NAM,北美,海外华人,14,女,29.8,3,93.1
567,NAM,北美,海外华人,16,男,18.7,3,58.9
568,NAM,北美,海外华人,23,女,26.9,1,24.7
569,NAM,北美,海外华人,19,男,27.8,5,144.8
570,NAM,北美,海外华人,36,男,27.9,6,146.2
571,NAM,北美,海外华人,21,男,15.2,2,35.9
572,NAM,北美,海外华人,31,女,27.4,2,61.7
573,NAM,北美,海外华人,17,女,12.2,3,40.3
574,NAM,北美,海外华人,29,女,17.9,2,31.6
575,NAM,北美,海外华人,35,男,22.1,1,25.5
576,NAM,北美,海外华人,30,女,16.9,2,38.0
577,NAM,北美,海外华人,27,女,30.4,5,172.6
578,NAM,北美,海外华人,19,男,18.7,2,43.4
579,NAM,北美,海外华人,26,男,5.9,6,36.8
580,NAM,北美,海外华人,36,男,16.3,4,59.2
581,NAM,北美,海外华人,14,女,12.7,2,23.2
582,NAM,北美,海外华人,30,女,13.0,3,37.1
583,NAM,北美,海外华人,20,男,13.4,2,23.2
584,NAM,北美,海外华人,27,女,31.5,3,99.1
585,NAM,北美,海外华人,23,男,9.5,5,39.0
586,NAM,北美,海外华人,14,男,25.5,1,29.4
587,NAM,北美,海外华人,23,女,19.4,5,82.0
588,NAM,北美,海外华人,34,男,16.9,1,19.0
589,NAM,北美,海外华人,21,女,16.9,5,90.1
590,NAM,北美,海外华人,24,女,14.9,2,28.4
591,NAM,北美,海外华人,32,女,22.2,4,87.3
592,NAM,北美,海外华人,29,女,27.9,4,124.5
593,NAM,北美,海外华人,30,男,10.6,3,32.7
594,NAM,北美,海外华人,14,女,42.0,4,142.2
595,NAM,北美,海外华人,28,女,26.1,5,141.3
596,NAM,北美,海外华人,18,女,24.6,2,57.8
597,NAM,北美,海外华人,22,男,35.8,1,32.8
598,NAM,北美,海外华人,25,女,19.3,2,37.6
599,NAM,北美,海外华人,32,女,24.9,1,25.6
600,NAM,北美,海外华人,21,女,22.6,3,59.9
601,NAM,北美,海外华人,34,女,17.4,3,50.3
602,NAM,北美,海外华人,22,女,30.1,2,68.4
603,NAM,北美,海外华人,30,女,22.1,3,57.4
604,NAM,北美,海外华人,31,男,23.0,2,54.0
605,NAM,北美,海外华人,29,男,10.9,8,93.9
606,NAM,北美,海外华人,22,男,19.5,2,41.0
607,NAM,北美,海外华人,21,男,14.2,3,34.8
608,NAM,北美,海外华人,14,男,26.3,2,49.9
609,NAM,北美,海外华人,31,女,15.5,3,44.7
610,NAM,北美,海外华人,20,男,27.7,1,27.5
611,NAM,北美,海外华人,30,女,33.1,6,230.2
612,NAM,北美,海外华人,25,男,17.4,1,20.8
613,NAM,北美,海外华人,23,女,13.3,4,56.7
614,NAM,北美,海外华人,31,男,25.3,3,86.7
615,NAM,北美,海外华人,41,女,28.8,2,60.1
616,NAM,北美,海外华人,19,女,35.3,2,64.8
617,NAM,北美,海外华人,14,女,16.2,5,78.5
618,NAM,北美,海外华人,21,男,15.6,4,64.7
619,NAM,北美,海外华人,25,男,33.5,6,216.6
620,NAM,北美,海外华人,27,女,21.7,1,23.1
621,NAM,北美,海外华人,23,男,18.2,1,20.7
622,NAM,北美,海外华人,16,女,16.8,1,15.7
623,NAM,北美,海外华人,25,男,12.3,3,36.7
624,NAM,北美,海外华人,25,女,30.2,1,25.9
625,NAM,北美,海外华人,25,男,20.0,1,20.8
626,NAM,北美,海外华人,31,女,17.0,4,69.2
627,NAM,北美,海外华人,30,女,31.7,4,146.4
628,NAM,北美,海外华人,34,男,28.3,1,27.2
629,NAM,北美,海外华人,37,女,22.0,5,122.5
630,NAM,北美,海外华人,23,男,28.7,2,67.4
631,NAM,北美,海外华人,15,男,25.9,1,26.3
632,NAM,北美,海外华人,20,女,27.0,3,86.8
633,NAM,北美,海外华人,27,女,18.4,2,31.0
634,NAM,北美,海外华人,36,男,19.8,5,85.5
635,NAM,北美,海外华人,16,女,20.7,7,124.6
636,NAM,北美,海外华人,23,男,17.8,5,84.5
637,NAM,北美,海外华人,30,女,21.8,2,49.7
638,NAM,北美,海外华人,28,女,17.8,1,16.2
639,NAM,北美,海外华人,30,女,15.7,4,55.6
640,NAM,北美,海外华人,24,女,27.9,3,96.7
641,NAM,北美,海外华人,16,男,26.4,6,148.0
642,NAM,北美,海外华人,21,女,8.6,3,21.8
643,NAM,北美,海外华人,37,女,25.1,1,29.0
644,NAM,北美,海外华人,26,女,28.5,1,23.6
645,NAM,北美,海外华人,24,女,16.6,3,40.2
646,NAM,北美,海外华人,21,男,27.0,3,79.2
647,NAM,北美,海外华人,33,男,24.2,2,45.3
648,NAM,北美,海外华人,28,男,17.8,3,57.9
649,NAM,北美,海外华人,27,女,10.4,1,11.1
650,NAM,北美,海外华人,30,女,35.2,3,118.2
651,NAM,北美,海外华人,24,男,30.3,2,59.0
652,NAM,北美,海外华人,33,女,3.0,3,9.4
653,NAM,北美,海外华人,20,女,14.1,3,49.3
654,NAM,北美,海外华人,20,女,15.6,3,45.5
655,NAM,北美,海外华人,25,男,41.1,2,71.2
656,NAM,北美,海外华人,25,男,20.7,2,33.8
657,NAM,北美,海外华人,26,男,15.1,3,46.5
658,NAM,北美,海外华人,26,女,15.4,3,52.0
659,NAM,北美,海外华人,22,女,21.4,4,78.0
660,NAM,北美,海外华人,22,女,17.5,2,36.0
661,NAM,北美,海外华人,36,女,34.9,4,135.6
662,NAM,北美,海外华人,35,女,7.7,2,16.3
663,NAM,北美,海外华人,31,女,41.7,4,198.1
664,NAM,北美,海外华人,25,男,20.8,1,22.1
665,NAM,北美,海外华人,26,女,10.8,1,11.1
666,NAM,北美,海外华人,19,女,29.4,4,139.4
667,NAM,北美,海外华人,20,女,10.4,4,44.9
668,NAM,北美,海外华人,26,女,13.3,3,36.1
669,NAM,北美,海外华人,26,男,21.9,1,25.8
670,NAM,北美,海外华人,26,男,41.2,1,43.6
671,NAM,北美,海外华人,19,女,20.8,1,20.4
672,NAM,北美,海外华人,28,男,23.3,7,190.1
673,NAM,北美,海外华人,31,女,19.5,5,80.9
674,NAM,北美,海外华人,30,女,16.1,6,106.3
675,NAM,北美,海外华人,26,女,16.1,4,56.1
676,NAM,北美,海外华人,25,男,20.2,2,40.3
677,NAM,北美,海外华人,33,女,26.7,4,98.2
678,NAM,北美,海外华人,26,男,20.2,4,95.2
679,NAM,北美,海外华人,16,男,24.3,2,41.8
680,NAM,北美,海外华人,32,女,22.1,3,76.5
681,NAM,北美,海外华人,33,女,15.8,3,49.9
682,NAM,北美,海外华人,28,男,30.1,3,100.9
683,NAM,北美,海外华人,32,男,17.4,5,103.9
684,NAM,北美,海外华人,24,女,16.1,4,57.3
685,NAM,北美,海外华人,36,女,25.3,3,60.8
686,NAM,北美,海外华人,18,男,6.4,4,29.1
687,NAM,北美,海外华人,26,男,16.5,2,31.1
688,NAM,北美,海外华人,25,女,21.6,1,25.8
689,NAM,北美,海外华人,26,男,35.1,5,140.9
690,NAM,北美,海外华人,21,男,22.5,2,50.0
691,NAM,北美,海外华人,29,女,21.5,2,40.9
692,NAM,北美,海外华人,31,女,31.1,1,27.5
693,NAM,北美,海外华人,35,男,24.6,1,21.3
694,NAM,北美,海外华人,33,男,15.0,8,138.5
695,NAM,北美,海外华人,18,男,30.3,2,70.3
696,NAM,北美,海外华人,31,女,25.6,3,79.4
697,NAM,北美,海外华人,31,男,14.1,2,30.9
698,NAM,北美,海外华人,31,女,18.4,6,118.9
699,NAM,北美,海外华人,26,女,13.6,2,26.5
700,NAM,北美,海外华人,22,男,21.9,2,36.9
701,NAM,北美,海外华人,19,男,20.6,3,62.9
702,NAM,北美,海外华人,31,男,21.5,3,70.2
703,NAM,北美,海外华人,35,女,15.7,2,34.5
704,NAM,北美,海外华人,33,女,15.8,1,16.9
705,NAM,北美,海外华人,33,女,21.0,2,49.7
706,NAM,北美,海外华人,36,女,26.3,2,49.4
707,NAM,北美,海外华人,23,女,12.6,3,44.1
708,NAM,北美,海外华人,27,男,30.5,3,90.8
709,NAM,北美,海外华人,32,男,25.1,1,23.9
710,NAM,北美,海外华人,35,女,21.4,1,24.9
711,NAM,北美,海外华人,30,男,15.5,1,12.6
712,NAM,北美,海外华人,30,男,18.4,1,18.6
713,NAM,北美,海外华人,24,男,34.1,1,38.1
714,NAM,北美,海外华人,14,男,32.0,1,25.8
715,NAM,北美,海外华人,31,女,28.0,5,164.5
716,NAM,北美,海外华人,14,女,22.6,1,24.5
717,NAM,北美,海外华人,30,女,30.1,1,34.6
718,NAM,北美,海外华人,17,女,18.1,2,33.2
719,NAM,北美,海外华人,23,男,15.7,3,43.1
720,NAM,北美,海外华人,31,女,27.6,4,128.5
721,NAM,北美,海外华人,24,男,36.3,1,34.5
722,NAM,北美,海外华人,32,女,29.0,1,27.2
723,NAM,北美,海外华人,35,女,31.6,1,30.5
724,NAM,北美,海外华人,14,女,21.1,3,50.9
725,NAM,北美,海外华人,27,男,32.5,2,77.6
726,NAM,北美,海外华人,19,女,18.5,3,46.7
727,NAM,北美,海外华人,26,女,35.6,6,200.5
728,NAM,北美,海外华人,18,男,11.0,2,25.0
729,NAM,北美,海外华人,34,女,18.4,2,36.9
730,NAM,北美,海外华人,29,男,21.0,2,41.6
731,NAM,北美,海外华人,24,男,23.4,4,89.8
732,NAM,北美,海外华人,38,女,24.4,3,69.5
733,NAM,北美,海外华人,23,男,25.0,2,43.7
734,NAM,北美,海外华人,22,男,15.7,5,78.9
735,NAM,北美,海外华人,32,男,32.4,3,98.0
736,NAM,北美,海外华人,25,女,24.7,4,110.8
737,NAM,北美,海外华人,19,男,18.8,4,66.8
738,NAM,北美,海外华人,20,男,14.0,3,40.5
739,NAM,北美,海外华人,22,男,26.8,1,28.7
740,NAM,北美,海外华人,37,女,31.1,3,95.9
741,NAM,北美,海外华人,32,女,13.5,1,13.5
742,NAM,北美,海外华人,24,女,23.5,3,59.6
743,NAM,北美,海外华人,22,女,22.5,1,21.1
744,NAM,北美,海外华人,24,女,22.4,4,75.2
745,NAM,北美,海外华人,26,男,24.8,1,27.7
746,NAM,北美,海外华人,23,女,29.8,4,98.8
747,NAM,北美,海外华人,30,女,9.5,3,33.1
748,NAM,北美,海外华人,24,女,21.3,2,50.8
749,NAM,北美,海外华人,15,女,28.3,4,122.6
750,NAM,北美,海外华人,28,男,30.3,2,65.0
751,NAM,北美,海外华人,24,男,33.1,3,87.7
752,NAM,北美,海外华人,31,女,15.2,3,41.3
753,NAM,北美,海外华人,30,男,17.6,4,71.6
754,NAM,北美,海外华人,17,女,25.4,7,159.4
755,NAM,北美,海外华人,20,男,17.1,5,77.6
756,NAM,北美,海外华人,19,男,13.4,3,42.9
757,NAM,北美,海外华人,25,女,8.3,4,36.5
758,NAM,北美,海外华人,23,男,21.7,4,85.4
759,NAM,北美,海外华人,26,男,34.0,4,121.8
760,NAM,北美,海外华人,23,女,32.4,7,257.8
761,NAM,北美,海外华人,17,男,11.6,2,24.8
762,NAM,北美,海外华人,14,女,12.7,3,34.9
763,NAM,北美,海外华人,31,女,16.1,2,36.6
764,NAM,北美,海外华人,33,女,27.2,1,28.9
765,NAM,北美,海外华人,34,男,13.3,3,32.8
766,NAM,北美,海外华人,36,女,22.4,3,62.0
767,NAM,北美,海外华人,28,女,28.1,3,100.4
768,NAM,北美,海外华人,28,女,6.5,3,23.2
769,NAM,北美,海外华人,26,男,14.1,3,35.0
770,NAM,北美,海外华人,26,女,34.0,1,40.0
771,NAM,北美,海外华人,29,男,37.1,4,159.2
772,NAM,北美,海外华人,36,女,27.5,2,48.3
773,NAM,北美,海外华人,31,女,24.7,5,100.5
774,NAM,北美,海外华人,35,男,21.2,2,50.4
775,NAM,北美,海外华人,16,男,25.9,3,70.9
776,NAM,北美,海外华人,29,女,20.6,1,17.5
777,NAM,北美,海外华人,30,女,17.6,3,48.2
778,NAM,北美,海外华人,23,男,24.9,1,23.3
779,NAM,北美,海外华人,23,男,30.5,1,30.7
780,NAM,北美,海外华人,31,女,26.8,3,90.6
781,NAM,北美,海外华人,31,女,32.6,2,74.8
782,NAM,北美,海外华人,35,男,4.2,1,3.9
783,NAM,北美,海外华人,17,男,32.2,4,104.0
784,NAM,北美,海外华人,16,男,18.9,3,52.4
785,NAM,北美,海外华人,29,男,23.1,4,85.6
786,NAM,北美,海外华人,31,女,12.9,3,38.3
787,NAM,北美,海外华人,29,男,20.9,5,101.8
788,NAM,北美,海外华人,23,男,23.4,1,21.6
789,NAM,北美,海外华人,14,女,15.8,3,40.4
790,NAM,北美,海外华人,38,女,31.2,6,184.5
791,NAM,北美,海外华人,25,男,26.7,6,158.8
792,NAM,北美,海外华人,36,女,36.8,1,39.4
793,NAM,北美,海外华人,21,女,20.6,5,94.0
794,NAM,北美,海外华人,28,男,37.0,4,118.5
795,NAM,北美,海外华人,29,女,28.2,4,106.3
796,NAM,北美,海外华人,23,女,20.4,2,43.3
797,NAM,北美,海外华人,38,女,15.4,2,36.8
798,NAM,北美,海外华人,21,男,30.7,3,98.3
799,NAM,北美,海外华人,29,女,10.8,3,29.6
800,NAM,北美,海外华人,24,女,19.9,3,56.1
801,NAM,北美,海外华人,37,男,27.5,3,83.5
802,NAM,北美,海外华人,14,男,28.3,4,127.4
803,NAM,北美,海外华人,30,女,22.2,7,163.5
804,NAM,北美,海外华人,14,女,30.3,1,32.2
805,NAM,北美,海外华人,23,男,30.2,1,29.5
806,NAM,北美,海外华人,27,女,18.0,4,69.5
807,NAM,北美,海外华人,22,女,24.4,3,80.0
808,NAM,北美,海外华人,33,男,22.0,1,18.2
809,NAM,北美,海外华人,26,男,32.3,1,32.5
810,NAM,北美,海外华人,38,男,42.7,4,163.5
811,NAM,北美,海外华人,30,女,20.8,4,72.0
812,NAM,北美,海外华人,36,男,24.5,2,49.7
813,NAM,北美,海外华人,22,女,26.2,3,93.9
814,NAM,北美,海外华人,35,女,8.7,1,9.0
815,NAM,北美,海外华人,39,女,21.0,5,85.7
816,NAM,北美,海外华人,23,女,15.4,1,15.2
817,NAM,北美,海外华人,17,男,33.6,3,102.8
818,NAM,北美,海外华人,18,女,16.6,5,85.5
819,NAM,北美,海外华人,26,女,43.7,2,95.4
820,NAM,北美,海外华人,25,男,16.5,4,75.4
821,NAM,北美,海外华人,29,男,10.6,2,17.5
822,NAM,北美,海外华人,14,女,28.3,3,82.3
823,NAM,北美,海外华人,19,男,20.6,5,87.2
824,NAM,北美,海外华人,20,女,15.0,1,13.6
825,NAM,北美,海外华人,25,女,18.6,1,18.2
826,NAM,北美,海外华人,17,男,10.9,3,32.1
827,NAM,北美,海外华人,33,女,28.4,3,74.2
828,NAM,北美,海外华人,18,女,27.5,7,213.2
829,NAM,北美,海外华人,26,女,16.6,2,34.4
830,NAM,北美,海外华人,24,女,12.1,5,63.7
831,NAM,北美,海外华人,37,女,9.1,5,52.0
832,NAM,北美,海外华人,25,女,29.8,3,106.4
833,NAM,北美,海外华人,20,女,32.9,1,32.8
834,NAM,北美,海外华人,28,女,16.2,1,14.6
835,NAM,北美,海外华人,36,男,26.4,2,62.5
836,NAM,北美,海外华人,39,男,26.9,2,64.5
837,NAM,北美,海外华人,30,女,19.2,4,71.8
838,NAM,北美,海外华人,32,男,7.9,2,17.3
839,NAM,北美,海外华人,22,女,26.5,2,59.8
840,NAM,北美,海外华人,27,男,15.5,2,32.4
841,NAM,北美,海外华人,28,女,26.9,2,64.3
842,NAM,北美,海外华人,23,女,40.8,4,146.6
843,NAM,北美,海外华人,27,男,6.6,8,50.0
844,NAM,北美,海外华人,20,女,15.4,1,14.2
845,NAM,北美,海外华人,23,女,25.2,2,45.1
846,NAM,北美,海外华人,31,男,24.0,4,94.3
847,NAM,北美,海外华人,38,男,21.8,2,36.6
848,NAM,北美,海外华人,20,女,5.1,1,5.9
849,NAM,北美,海外华人,24,女,17.3,3,47.9
850,NAM,北美,海外华人,32,女,18.6,2,40.0
851,NAM,北美,本地消费者,17,男,25.5,2,54.4
852,NAM,北美,本地消费者,18,女,29.8,3,74.6
853,NAM,北美,本地消费者,25,男,25.5,4,94.1
854,NAM,北美,本地消费者,17,男,18.5,1,15.2
855,NAM,北美,本地消费者,19,女,23.2,1,24.9
856,NAM,北美,本地消费者,15,男,28.4,2,67.9
857,NAM,北美,本地消费者,21,女,16.6,6,84.4
858,NAM,北美,本地消费者,26,男,42.3,1,33.9
859,NAM,北美,本地消费者,22,男,16.7,3,54.2
860,NAM,北美,本地消费者,18,男,10.0,1,9.6
861,NAM,北美,本地消费者,25,女,21.6,1,19.7
862,NAM,北美,本地消费者,37,男,11.0,8,78.4
863,NAM,北美,本地消费者,23,男,29.0,3,81.5
864,NAM,北美,本地消费者,36,女,43.7,2,78.8
865,NAM,北美,本地消费者,24,男,16.9,5,73.0
866,NAM,北美,本地消费者,27,男,11.8,8,95.7
867,NAM,北美,本地消费者,29,女,17.6,6,90.4
868,NAM,北美,本地消费者,31,女,18.0,6,128.6
869,NAM,北美,本地消费者,25,女,23.6,1,22.2
870,NAM,北美,本地消费者,20,男,20.2,4,91.9
871,NAM,北美,本地消费者,21,女,26.0,2,50.1
872,NAM,北美,本地消费者,25,男,21.2,2,38.1
873,NAM,北美,本地消费者,25,男,26.1,4,99.6
874,NAM,北美,本地消费者,24,女,22.7,1,25.8
875,NAM,北美,本地消费者,28,男,16.9,5,80.6
876,NAM,北美,本地消费者,23,男,25.3,3,74.9
877,NAM,北美,本地消费者,29,女,9.1,5,41.5
878,NAM,北美,本地消费者,18,女,14.6,1,15.0
879,NAM,北美,本地消费者,27,男,29.5,6,155.4
880,NAM,北美,本地消费者,19,女,31.7,5,157.8
881,NAM,北美,本地消费者,31,男,21.1,4,84.4
882,NAM,北美,本地消费者,34,男,21.5,5,111.6
883,NAM,北美,本地消费者,22,男,6.6,1,5.8
884,NAM,北美,本地消费者,27,男,31.4,2,72.5
885,NAM,北美,本地消费者,24,女,17.5,1,15.3
886,NAM,北美,本地消费者,26,女,20.8,4,69.1
887,NAM,北美,本地消费者,26,女,24.4,3,71.6
888,NAM,北美,本地消费者,28,女,22.5,5,102.6
889,NAM,北美,本地消费者,27,女,25.3,5,106.3
890,NAM,北美,本地消费者,25,女,34.9,1,29.6
891,NAM,北美,本地消费者,25,女,20.9,2,43.2
892,NAM,北美,本地消费者,36,男,3.0,6,18.7
893,NAM,北美,本地消费者,28,女,31.8,2,67.6
894,NAM,北美,本地消费者,28,女,22.6,4,101.5
895,NAM,北美,本地消费者,21,男,9.3,2,21.3
896,NAM,北美,本地消费者,26,男,18.6,6,109.6
897,NAM,北美,本地消费者,32,男,27.8,1,31.3
898,NAM,北美,本地消费者,26,女,13.5,6,85.6
899,NAM,北美,本地消费者,25,男,27.4,3,86.1
900,NAM,北美,本地消费者,30,男,8.3,5,37.5
901,NAM,北美,本地消费者,20,女,20.1,5,112.3
902,NAM,北美,本地消费者,26,男,36.1,5,185.0
903,NAM,北美,本地消费者,23,女,11.5,4,48.8
904,NAM,北美,本地消费者,17,男,9.4,1,9.7
905,NAM,北美,本地消费者,17,男,24.2,2,44.4
906,NAM,北美,本地消费者,21,女,32.0,3,87.9
907,NAM,北美,本地消费者,26,女,21.4,5,101.8
908,NAM,北美,本地消费者,35,女,33.8,3,101.4
909,NAM,北美,本地消费者,27,女,7.6,4,27.5
910,NAM,北美,本地消费者,22,女,34.9,3,102.1
911,NAM,北美,本地消费者,25,男,6.5,2,14.9
912,NAM,北美,本地消费者,27,女,32.4,4,136.6
913,NAM,北美,本地消费者,29,女,13.3,2,24.8
914,NAM,北美,本地消费者,19,女,13.3,3,42.9
915,NAM,北美,本地消费者,18,女,18.6,1,19.4
916,NAM,北美,本地消费者,19,男,22.4,1,21.5
917,NAM,北美,本地消费者,33,男,27.3,3,79.5
918,NAM,北美,本地消费者,21,男,20.0,3,58.5
919,NAM,北美,本地消费者,33,女,31.8,5,165.6
920,NAM,北美,本地消费者,23,女,10.8,5,58.4
921,NAM,北美,本地消费者,16,女,34.3,4,150.8
922,NAM,北美,本地消费者,33,女,14.6,1,12.6
923,NAM,北美,本地消费者,20,男,22.1,2,50.0
924,NAM,北美,本地消费者,31,男,14.6,4,55.1
925,NAM,北美,本地消费者,25,男,9.7,4,43.6
926,NAM,北美,本地消费者,28,男,29.0,3,88.9
927,NAM,北美,本地消费者,14,女,38.7,7,299.5
928,NAM,北美,本地消费者,19,女,22.4,3,61.9
929,NAM,北美,本地消费者,31,女,17.3,7,135.2
930,NAM,北美,本地消费者,36,女,16.8,1,14.4
931,NAM,北美,本地消费者,29,女,11.8,2,23.3
932,NAM,北美,本地消费者,28,女,29.8,3,105.9
933,NAM,北美,本地消费者,23,男,14.6,1,17.0
934,NAM,北美,本地消费者,18,女,14.4,2,31.9
935,NAM,北美,本地消费者,25,女,30.9,1,36.8
936,NAM,北美,本地消费者,19,男,23.1,2,46.6
937,NAM,北美,本地消费者,17,女,17.6,1,18.1
938,NAM,北美,本地消费者,39,男,27.8,3,69.6
939,NAM,北美,本地消费者,27,女,7.9,4,37.6
940,NAM,北美,本地消费者,20,男,24.7,2,56.8
941,NAM,北美,本地消费者,21,女,24.7,1,27.4
942,NAM,北美,本地消费者,14,女,20.7,1,23.6
943,NAM,北美,本地消费者,24,男,21.5,3,63.8
944,NAM,北美,本地消费者,32,女,12.6,2,22.8
945,NAM,北美,本地消费者,26,女,20.7,4,68.4
946,NAM,北美,本地消费者,23,女,22.5,4,106.7
947,NAM,北美,本地消费者,23,女,29.0,1,28.9
948,NAM,北美,本地消费者,23,男,26.2,1,30.6
949,NAM,北美,本地消费者,21,女,39.0,3,109.7
950,NAM,北美,本地消费者,23,女,17.8,5,72.5
951,NAM,北美,本地消费者,27,男,21.4,4,94.3
952,NAM,北美,本地消费者,28,男,14.2,1,12.5
953,NAM,北美,本地消费者,36,女,24.6,2,51.5
954,NAM,北美,本地消费者,22,女,13.2,1,15.1
955,NAM,北美,本地消费者,34,男,22.6,1,23.9
956,NAM,北美,本地消费者,21,女,8.8,2,18.1
957,NAM,北美,本地消费者,18,女,20.8,1,23.8
958,NAM,北美,本地消费者,30,女,15.4,2,32.4
959,NAM,北美,本地消费者,25,女,26.4,5,134.4
960,NAM,北美,本地消费者,21,女,15.8,3,47.9
961,NAM,北美,本地消费者,23,女,22.6,2,51.8
962,NAM,北美,本地消费者,38,女,21.8,1,23.3
963,NAM,北美,本地消费者,19,女,27.1,2,46.3
964,NAM,北美,本地消费者,27,男,15.1,3,41.4
965,NAM,北美,本地消费者,26,女,16.9,7,103.3
966,NAM,北美,本地消费者,32,女,14.9,3,36.4
967,NAM,北美,本地消费者,23,女,9.0,1,9.8
968,NAM,北美,本地消费者,31,女,16.0,3,42.2
969,NAM,北美,本地消费者,34,女,13.9,3,33.5
970,NAM,北美,本地消费者,16,男,26.4,4,117.4
971,NAM,北美,本地消费者,22,男,23.0,3,81.1
972,NAM,北美,本地消费者,15,女,19.7,2,35.0
973,NAM,北美,本地消费者,25,女,25.0,2,46.8
974,NAM,北美,本地消费者,14,女,16.4,4,78.6
975,NAM,北美,本地消费者,19,女,28.6,6,175.9
976,NAM,北美,本地消费者,21,男,22.0,1,25.2
977,NAM,北美,本地消费者,23,女,27.6,2,44.2
978,NAM,北美,本地消费者,19,女,23.4,2,42.8
979,NAM,北美,本地消费者,23,男,16.1,2,36.4
980,NAM,北美,本地消费者,22,男,22.3,1,17.9
981,NAM,北美,本地消费者,14,女,3.0,1,3.3
982,NAM,北美,本地消费者,23,女,34.6,1,30.8
983,NAM,北美,本地消费者,23,女,34.8,3,122.4
984,NAM,北美,本地消费者,19,男,5.8,1,6.8
985,NAM,北美,本地消费者,14,男,32.7,1,38.5
986,NAM,北美,本地消费者,29,女,23.3,2,43.6
987,NAM,北美,本地消费者,37,男,11.9,1,11.4
988,NAM,北美,本地消费者,23,女,28.1,2,46.7
989,NAM,北美,本地消费者,24,男,11.2,2,24.0
990,NAM,北美,本地消费者,14,男,21.1,3,72.7
991,NAM,北美,本地消费者,25,女,20.1,4,79.3
992,NAM,北美,本地消费者,24,男,19.1,7,158.9
993,NAM,北美,本地消费者,31,男,23.9,3,75.9
994,NAM,北美,本地消费者,19,男,13.7,4,58.3
995,NAM,北美,本地消费者,23,男,27.1,1,30.8
996,NAM,北美,本地消费者,22,女,28.3,4,120.1
997,NAM,北美,本地消费者,25,男,30.3,4,106.5
998,NAM,北美,本地消费者,30,男,21.2,3,58.4
999,NAM,北美,本地消费者,26,男,29.5,2,66.1
1000,NAM,北美,本地消费者,21,男,15.5,3,40.7
1001,EU,欧洲,海外华人,20,女,10.1,6,61.8
1002,EU,欧洲,海外华人,30,女,23.0,1,20.2
1003,EU,欧洲,海外华人,14,男,30.6,1,30.3
1004,EU,欧洲,海外华人,16,男,22.5,2,38.0
1005,EU,欧洲,海外华人,32,男,17.0,3,42.6
1006,EU,欧洲,海外华人,29,男,23.5,4,106.5
1007,EU,欧洲,海外华人,38,男,25.2,1,27.3
1008,EU,欧洲,海外华人,28,女,27.5,1,23.0
1009,EU,欧洲,海外华人,24,男,19.6,4,64.4
1010,EU,欧洲,海外华人,23,女,19.6,3,50.6
1011,EU,欧洲,海外华人,14,女,11.1,1,13.2
1012,EU,欧洲,海外华人,14,男,19.0,2,34.0
1013,EU,欧洲,海外华人,26,女,23.5,2,55.2
1014,EU,欧洲,海外华人,19,男,16.9,6,95.4
1015,EU,欧洲,海外华人,28,男,8.8,1,8.1
1016,EU,欧洲,海外华人,16,男,19.7,5,95.3
1017,EU,欧洲,海外华人,18,男,13.5,5,70.7
1018,EU,欧洲,海外华人,20,男,19.2,4,87.0
1019,EU,欧洲,海外华人,17,女,22.7,1,24.8
1020,EU,欧洲,海外华人,26,女,21.9,1,25.8
1021,EU,欧洲,海外华人,33,女,22.6,1,24.5
1022,EU,欧洲,海外华人,41,女,19.5,1,21.3
1023,EU,欧洲,海外华人,23,女,15.3,3,52.4
1024,EU,欧洲,海外华人,25,女,26.2,1,26.8
1025,EU,欧洲,海外华人,25,女,20.5,1,19.0
1026,EU,欧洲,海外华人,22,女,19.1,1,17.1
1027,EU,欧洲,海外华人,23,男,11.8,2,25.3
1028,EU,欧洲,海外华人,26,男,18.8,1,21.2
1029,EU,欧洲,海外华人,36,女,20.4,4,68.3
1030,EU,欧洲,海外华人,22,男,8.2,2,18.9
1031,EU,欧洲,海外华人,21,女,12.2,2,23.9
1032,EU,欧洲,海外华人,24,女,9.3,3,33.1
1033,EU,欧洲,海外华人,20,男,23.3,3,75.1
1034,EU,欧洲,海外华人,27,女,16.5,2,32.9
1035,EU,欧洲,海外华人,30,男,20.3,2,34.9
1036,EU,欧洲,海外华人,30,女,31.1,2,57.2
1037,EU,欧洲,海外华人,28,女,22.3,3,72.5
1038,EU,欧洲,海外华人,31,女,15.6,1,15.9
1039,EU,欧洲,海外华人,24,女,23.7,3,80.3
1040,EU,欧洲,海外华人,15,男,11.8,1,12.7
1041,EU,欧洲,海外华人,22,女,25.2,2,50.5
1042,EU,欧洲,海外华人,41,男,9.4,1,10.1
1043,EU,欧洲,海外华人,15,女,20.5,4,85.8
1044,EU,欧洲,海外华人,14,女,23.8,2,49.8
1045,EU,欧洲,海外华人,34,男,24.7,1,24.0
1046,EU,欧洲,海外华人,38,男,27.3,4,90.4
1047,EU,欧洲,海外华人,35,女,22.8,4,104.5
1048,EU,欧洲,海外华人,33,女,17.6,4,60.0
1049,EU,欧洲,海外华人,22,女,32.0,5,187.2
1050,EU,欧洲,海外华人,33,女,12.5,3,37.6
1051,EU,欧洲,海外华人,34,女,19.1,3,62.6
1052,EU,欧洲,海外华人,25,女,34.9,2,83.8
1053,EU,欧洲,海外华人,19,女,27.1,1,27.6
1054,EU,欧洲,海外华人,35,女,21.2,3,76.2
1055,EU,欧洲,海外华人,37,女,16.0,3,50.4
1056,EU,欧洲,海外华人,24,女,13.6,2,24.9
1057,EU,欧洲,海外华人,24,女,18.8,7,144.2
1058,EU,欧洲,海外华人,28,男,23.8,3,81.6
1059,EU,欧洲,海外华人,26,女,24.7,3,81.4
1060,EU,欧洲,海外华人,25,女,8.4,2,16.6
1061,EU,欧洲,海外华人,17,女,19.5,5,111.7
1062,EU,欧洲,海外华人,19,男,21.7,2,38.4
1063,EU,欧洲,海外华人,16,女,24.5,1,27.8
1064,EU,欧洲,海外华人,22,男,6.7,2,11.4
1065,EU,欧洲,海外华人,32,女,20.6,3,57.1
1066,EU,欧洲,海外华人,21,女,14.1,1,11.7
1067,EU,欧洲,海外华人,24,女,8.2,1,9.3
1068,EU,欧洲,海外华人,40,男,10.9,5,52.2
1069,EU,欧洲,海外华人,27,男,12.0,4,53.1
1070,EU,欧洲,海外华人,14,女,4.0,2,8.5
1071,EU,欧洲,海外华人,24,男,12.9,1,11.3
1072,EU,欧洲,海外华人,35,女,24.0,4,89.0
1073,EU,欧洲,海外华人,33,男,36.1,1,42.7
1074,EU,欧洲,海外华人,20,女,6.4,1,5.7
1075,EU,欧洲,海外华人,29,女,10.2,2,18.5
1076,EU,欧洲,海外华人,21,女,9.4,1,8.4
1077,EU,欧洲,海外华人,26,女,20.0,2,46.4
1078,EU,欧洲,海外华人,23,女,14.4,2,24.4
1079,EU,欧洲,海外华人,30,男,25.7,1,20.7
1080,EU,欧洲,海外华人,32,男,21.1,1,19.4
1081,EU,欧洲,海外华人,23,女,19.6,4,69.6
1082,EU,欧洲,海外华人,26,女,17.4,2,29.0
1083,EU,欧洲,海外华人,15,男,15.1,1,12.2
1084,EU,欧洲,海外华人,27,女,21.0,3,63.3
1085,EU,欧洲,海外华人,18,男,19.1,1,21.4
1086,EU,欧洲,海外华人,34,女,21.2,1,20.3
1087,EU,欧洲,海外华人,24,女,13.8,4,64.3
1088,EU,欧洲,海外华人,35,男,26.0,3,76.6
1089,EU,欧洲,海外华人,33,女,23.2,2,52.4
1090,EU,欧洲,海外华人,17,男,28.9,3,96.7
1091,EU,欧洲,海外华人,24,女,25.9,3,82.2
1092,EU,欧洲,海外华人,21,男,11.3,5,47.2
1093,EU,欧洲,海外华人,19,男,15.2,1,13.6
1094,EU,欧洲,海外华人,25,男,23.2,1,26.8
1095,EU,欧洲,海外华人,16,男,21.1,2,44.1
1096,EU,欧洲,海外华人,36,男,21.7,4,95.6
1097,EU,欧洲,海外华人,21,女,14.3,2,34.0
1098,EU,欧洲,海外华人,29,男,10.5,1,11.9
1099,EU,欧洲,海外华人,26,女,21.8,1,24.6
1100,EU,欧洲,海外华人,18,男,18.6,3,61.4
1101,EU,欧洲,海外华人,24,女,18.5,1,15.0
1102,EU,欧洲,海外华人,27,女,15.5,3,40.9
1103,EU,欧洲,海外华人,22,男,23.1,5,119.6
1104,EU,欧洲,海外华人,22,女,28.2,3,80.7
1105,EU,欧洲,海外华人,22,女,21.8,1,25.2
1106,EU,欧洲,海外华人,29,男,17.7,4,76.7
1107,EU,欧洲,海外华人,29,女,13.8,3,42.6
1108,EU,欧洲,海外华人,29,男,17.6,5,98.2
1109,EU,欧洲,海外华人,32,男,15.2,1,15.3
1110,EU,欧洲,海外华人,24,女,8.2,1,6.7
1111,EU,欧洲,海外华人,23,男,8.7,2,19.4
1112,EU,欧洲,海外华人,14,女,24.8,1,21.4
1113,EU,欧洲,海外华人,20,男,29.8,6,204.7
1114,EU,欧洲,海外华人,16,男,23.8,1,25.5
1115,EU,欧洲,海外华人,41,女,26.7,1,24.2
1116,EU,欧洲,海外华人,25,男,27.6,3,86.4
1117,EU,欧洲,海外华人,23,女,33.5,2,62.9
1118,EU,欧洲,海外华人,24,女,18.4,1,15.2
1119,EU,欧洲,海外华人,18,女,22.8,2,44.4
1120,EU,欧洲,海外华人,29,女,27.9,4,119.7
1121,EU,欧洲,海外华人,30,男,17.4,2,38.9
1122,EU,欧洲,海外华人,29,女,21.1,2,48.6
1123,EU,欧洲,海外华人,16,男,24.2,5,142.1
1124,EU,欧洲,海外华人,23,男,16.7,1,18.4
1125,EU,欧洲,海外华人,23,女,17.1,3,56.9
1126,EU,欧洲,海外华人,16,女,25.8,4,108.5
1127,EU,欧洲,海外华人,31,女,14.5,3,47.9
1128,EU,欧洲,海外华人,27,男,26.2,1,27.0
1129,EU,欧洲,海外华人,25,女,20.8,4,75.5
1130,EU,欧洲,海外华人,35,女,33.9,3,116.6
1131,EU,欧洲,海外华人,21,女,17.7,1,14.3
1132,EU,欧洲,海外华人,14,男,15.5,4,54.6
1133,EU,欧洲,海外华人,25,男,16.8,1,17.9
1134,EU,欧洲,海外华人,14,女,12.6,4,55.7
1135,EU,欧洲,海外华人,27,女,14.8,1,15.5
1136,EU,欧洲,海外华人,25,女,18.4,2,33.0
1137,EU,欧洲,海外华人,24,男,17.0,2,28.6
1138,EU,欧洲,海外华人,17,女,25.4,3,62.2
1139,EU,欧洲,海外华人,40,女,15.9,4,53.1
1140,EU,欧洲,海外华人,26,女,22.8,3,79.9
1141,EU,欧洲,海外华人,21,女,20.4,5,89.2
1142,EU,欧洲,海外华人,50,女,16.6,5,78.6
1143,EU,欧洲,海外华人,20,女,10.2,2,17.6
1144,EU,欧洲,海外华人,24,女,25.0,2,47.3
1145,EU,欧洲,海外华人,25,女,27.0,1,31.1
1146,EU,欧洲,海外华人,26,男,7.5,2,17.6
1147,EU,欧洲,海外华人,26,女,18.0,2,32.8
1148,EU,欧洲,海外华人,17,男,12.3,2,24.5
1149,EU,欧洲,海外华人,23,女,8.4,3,21.8
1150,EU,欧洲,海外华人,22,男,24.5,1,27.1
1151,EU,欧洲,海外华人,20,男,10.7,3,34.5
1152,EU,欧洲,海外华人,14,女,16.4,4,70.2
1153,EU,欧洲,海外华人,15,男,19.6,7,157.3
1154,EU,欧洲,海外华人,27,男,17.9,2,38.3
1155,EU,欧洲,海外华人,28,女,11.7,1,14.0
1156,EU,欧洲,海外华人,25,女,19.2,3,64.5
1157,EU,欧洲,海外华人,20,女,11.7,4,39.0
1158,EU,欧洲,海外华人,41,女,15.9,1,17.7
1159,EU,欧洲,海外华人,35,女,9.3,6,53.0
1160,EU,欧洲,海外华人,19,男,19.3,4,81.1
1161,EU,欧洲,海外华人,31,女,5.8,3,16.1
1162,EU,欧洲,海外华人,18,男,19.0,1,19.1
1163,EU,欧洲,海外华人,22,女,26.6,5,135.5
1164,EU,欧洲,海外华人,24,男,3.5,3,10.0
1165,EU,欧洲,海外华人,26,女,14.5,1,14.8
1166,EU,欧洲,海外华人,15,男,23.7,1,19.7
1167,EU,欧洲,海外华人,19,女,18.1,1,19.3
1168,EU,欧洲,海外华人,27,男,20.2,4,76.9
1169,EU,欧洲,海外华人,35,男,25.4,3,63.7
1170,EU,欧洲,海外华人,19,女,21.0,3,73.2
1171,EU,欧洲,海外华人,31,男,20.0,1,20.8
1172,EU,欧洲,海外华人,25,女,17.7,1,18.7
1173,EU,欧洲,海外华人,19,男,26.8,1,31.0
1174,EU,欧洲,海外华人,15,男,16.6,1,13.7
1175,EU,欧洲,海外华人,34,男,11.1,4,51.2
1176,EU,欧洲,海外华人,32,男,8.7,5,37.0
1177,EU,欧洲,海外华人,19,女,20.8,5,115.2
1178,EU,欧洲,海外华人,17,女,25.0,1,27.9
1179,EU,欧洲,海外华人,27,女,22.9,2,50.7
1180,EU,欧洲,海外华人,26,女,18.0,1,15.5
1181,EU,欧洲,海外华人,17,女,13.4,4,57.9
1182,EU,欧洲,海外华人,14,女,21.6,1,24.7
1183,EU,欧洲,海外华人,36,男,15.5,8,101.6
1184,EU,欧洲,海外华人,25,男,23.2,2,54.4
1185,EU,欧洲,海外华人,28,女,18.8,3,65.4
1186,EU,欧洲,海外华人,39,女,22.2,3,61.6
1187,EU,欧洲,海外华人,24,女,14.1,5,65.5
1188,EU,欧洲,海外华人,14,女,20.3,1,22.3
1189,EU,欧洲,海外华人,35,男,22.0,6,150.2
1190,EU,欧洲,海外华人,22,男,8.2,1,7.3
1191,EU,欧洲,海外华人,26,女,22.5,3,54.2
1192,EU,欧洲,海外华人,20,男,19.1,2,34.3
1193,EU,欧洲,海外华人,21,女,24.4,2,45.5
1194,EU,欧洲,海外华人,23,女,18.4,5,99.7
1195,EU,欧洲,海外华人,27,女,15.2,4,59.0
1196,EU,欧洲,海外华人,21,女,18.6,2,37.8
1197,EU,欧洲,海外华人,25,男,16.4,6,108.9
1198,EU,欧洲,海外华人,27,女,23.6,4,89.4
1199,EU,欧洲,海外华人,18,女,9.7,5,49.1
1200,EU,欧洲,海外华人,18,女,15.6,2,34.4
1201,EU,欧洲,海外华人,31,男,23.3,5,139.2
1202,EU,欧洲,海外华人,28,男,23.6,3,82.5
1203,EU,欧洲,海外华人,34,女,10.7,8,83.4
1204,EU,欧洲,海外华人,36,男,22.4,2,43.8
1205,EU,欧洲,海外华人,22,女,22.4,3,57.4
1206,EU,欧洲,海外华人,36,女,23.5,1,23.5
1207,EU,欧洲,海外华人,17,女,23.7,3,75.3
1208,EU,欧洲,海外华人,35,女,22.2,2,36.0
1209,EU,欧洲,海外华人,18,男,22.2,3,69.1
1210,EU,欧洲,海外华人,16,男,15.9,1,14.8
1211,EU,欧洲,海外华人,28,男,26.1,2,43.1
1212,EU,欧洲,海外华人,21,女,23.3,3,69.8
1213,EU,欧洲,海外华人,30,女,15.8,2,32.2
1214,EU,欧洲,海外华人,18,女,8.1,1,8.2
1215,EU,欧洲,海外华人,35,女,14.5,5,58.4
1216,EU,欧洲,海外华人,30,女,14.2,3,41.1
1217,EU,欧洲,海外华人,32,男,3.0,3,9.8
1218,EU,欧洲,海外华人,36,女,15.9,3,53.7
1219,EU,欧洲,海外华人,31,男,6.0,2,11.3
1220,EU,欧洲,海外华人,22,女,12.9,3,33.2
1221,EU,欧洲,海外华人,26,女,17.7,2,41.3
1222,EU,欧洲,海外华人,25,女,14.7,8,97.8
1223,EU,欧洲,海外华人,37,男,18.8,2,35.3
1224,EU,欧洲,海外华人,38,男,17.0,4,75.0
1225,EU,欧洲,海外华人,29,女,15.4,2,32.5
1226,EU,欧洲,海外华人,23,女,14.4,1,14.1
1227,EU,欧洲,海外华人,14,男,23.6,2,41.5
1228,EU,欧洲,海外华人,27,男,12.5,1,14.1
1229,EU,欧洲,海外华人,33,男,21.4,2,37.3
1230,EU,欧洲,海外华人,34,男,18.3,2,35.0
1231,EU,欧洲,海外华人,22,女,19.9,5,103.4
1232,EU,欧洲,海外华人,23,男,11.9,2,22.8
1233,EU,欧洲,海外华人,33,男,22.1,2,41.5
1234,EU,欧洲,海外华人,33,男,14.7,8,100.8
1235,EU,欧洲,海外华人,15,女,21.0,3,69.1
1236,EU,欧洲,海外华人,24,女,11.8,1,9.7
1237,EU,欧洲,海外华人,45,男,29.3,2,47.6
1238,EU,欧洲,海外华人,14,女,27.3,1,27.2
1239,EU,欧洲,海外华人,23,女,21.1,3,63.2
1240,EU,欧洲,海外华人,30,男,20.3,6,104.2
1241,EU,欧洲,海外华人,21,男,18.8,3,62.8
1242,EU,欧洲,海外华人,21,男,10.3,3,31.0
1243,EU,欧洲,海外华人,21,女,14.7,5,86.4
1244,EU,欧洲,海外华人,23,女,24.8,2,50.2
1245,EU,欧洲,海外华人,41,女,26.3,4,91.0
1246,EU,欧洲,海外华人,22,男,17.1,3,60.6
1247,EU,欧洲,海外华人,27,男,15.1,4,48.4
1248,EU,欧洲,海外华人,23,女,23.2,3,55.7
1249,EU,欧洲,海外华人,29,女,10.5,1,10.0
1250,EU,欧洲,海外华人,33,女,8.5,4,31.5
1251,EU,欧洲,海外华人,21,女,13.9,3,36.0
1252,EU,欧洲,海外华人,25,男,14.4,3,39.3
1253,EU,欧洲,海外华人,34,女,12.5,1,12.3
1254,EU,欧洲,海外华人,22,女,12.3,3,31.6
1255,EU,欧洲,海外华人,28,女,5.2,1,6.2
1256,EU,欧洲,海外华人,24,男,9.0,5,36.9
1257,EU,欧洲,海外华人,25,女,20.1,1,23.7
1258,EU,欧洲,海外华人,30,男,13.9,1,12.5
1259,EU,欧洲,海外华人,14,男,23.9,4,96.8
1260,EU,欧洲,海外华人,21,女,30.9,3,82.0
1261,EU,欧洲,海外华人,19,女,29.9,2,59.8
1262,EU,欧洲,海外华人,20,男,12.9,1,14.8
1263,EU,欧洲,海外华人,14,女,35.1,2,58.0
1264,EU,欧洲,海外华人,30,女,29.1,1,31.0
1265,EU,欧洲,海外华人,31,男,12.0,3,38.6
1266,EU,欧洲,海外华人,27,女,21.6,2,42.5
1267,EU,欧洲,海外华人,20,男,27.8,3,90.0
1268,EU,欧洲,海外华人,16,女,10.0,1,8.3
1269,EU,欧洲,海外华人,44,男,32.6,4,126.5
1270,EU,欧洲,海外华人,28,女,22.5,1,25.6
1271,EU,欧洲,海外华人,14,男,15.4,1,16.0
1272,EU,欧洲,海外华人,21,男,29.2,3,104.4
1273,EU,欧洲,海外华人,26,男,19.5,4,91.0
1274,EU,欧洲,海外华人,23,男,10.7,2,23.6
1275,EU,欧洲,海外华人,20,女,22.6,2,52.5
1276,EU,欧洲,海外华人,27,女,24.7,4,106.8
1277,EU,欧洲,海外华人,33,女,17.6,2,30.0
1278,EU,欧洲,海外华人,31,女,22.5,4,98.1
1279,EU,欧洲,海外华人,16,女,26.3,2,49.9
1280,EU,欧洲,海外华人,14,男,20.9,3,73.0
1281,EU,欧洲,海外华人,14,男,10.2,7,77.2
1282,EU,欧洲,海外华人,22,男,21.4,1,18.3
1283,EU,欧洲,海外华人,29,女,27.2,1,31.6
1284,EU,欧洲,海外华人,37,男,14.3,1,15.0
1285,EU,欧洲,海外华人,39,男,18.1,5,79.6
1286,EU,欧洲,海外华人,17,女,23.4,1,19.2
1287,EU,欧洲,海外华人,30,男,15.6,3,47.1
1288,EU,欧洲,海外华人,21,女,27.0,2,57.3
1289,EU,欧洲,海外华人,14,男,15.3,2,33.6
1290,EU,欧洲,海外华人,25,男,7.9,2,18.7
1291,EU,欧洲,海外华人,22,女,19.9,4,75.7
1292,EU,欧洲,海外华人,22,男,14.1,2,24.1
1293,EU,欧洲,海外华人,25,女,19.2,1,20.0
1294,EU,欧洲,海外华人,27,男,16.8,1,18.7
1295,EU,欧洲,海外华人,23,男,22.9,3,77.0
1296,EU,欧洲,海外华人,30,女,5.5,2,11.5
1297,EU,欧洲,海外华人,31,男,19.6,1,19.4
1298,EU,欧洲,海外华人,33,男,17.1,4,66.4
1299,EU,欧洲,海外华人,14,女,23.9,2,45.0
1300,EU,欧洲,海外华人,29,女,29.3,1,33.9
1301,EU,欧洲,海外华人,15,女,9.0,4,30.8
1302,EU,欧洲,海外华人,24,女,30.3,2,51.1
1303,EU,欧洲,海外华人,28,男,19.3,1,17.0
1304,EU,欧洲,海外华人,28,男,20.5,1,19.0
1305,EU,欧洲,海外华人,24,男,32.4,2,75.4
1306,EU,欧洲,海外华人,28,男,15.2,5,65.7
1307,EU,欧洲,海外华人,32,女,29.2,3,89.8
1308,EU,欧洲,海外华人,19,女,12.7,4,58.1
1309,EU,欧洲,海外华人,27,男,24.5,2,42.2
1310,EU,欧洲,海外华人,26,女,21.0,1,18.8
1311,EU,欧洲,海外华人,18,男,24.3,3,80.6
1312,EU,欧洲,海外华人,29,女,20.2,1,19.0
1313,EU,欧洲,海外华人,37,女,12.5,2,26.3
1314,EU,欧洲,海外华人,14,女,17.6,3,54.2
1315,EU,欧洲,海外华人,27,男,21.5,7,136.0
1316,EU,欧洲,海外华人,23,女,16.0,5,84.3
1317,EU,欧洲,海外华人,21,男,28.6,1,28.5
1318,EU,欧洲,海外华人,16,女,26.5,3,91.2
1319,EU,欧洲,海外华人,36,男,25.6,2,60.2
1320,EU,欧洲,海外华人,21,女,14.8,4,54.2
1321,EU,欧洲,海外华人,24,男,9.3,1,8.4
1322,EU,欧洲,海外华人,21,女,11.2,1,9.5
1323,EU,欧洲,海外华人,24,男,19.6,2,31.8
1324,EU,欧洲,海外华人,43,男,36.6,2,66.8
1325,EU,欧洲,海外华人,37,男,14.0,3,45.2
1326,EU,欧洲,海外华人,22,女,23.3,2,45.9
1327,EU,欧洲,海外华人,22,女,20.9,1,21.5
1328,EU,欧洲,海外华人,34,男,21.2,1,24.2
1329,EU,欧洲,海外华人,27,女,21.3,1,25.0
1330,EU,欧洲,海外华人,26,男,21.8,1,20.4
1331,EU,欧洲,海外华人,15,女,7.3,2,15.2
1332,EU,欧洲,海外华人,24,男,29.2,3,74.6
1333,EU,欧洲,海外华人,29,女,23.4,2,49.4
1334,EU,欧洲,海外华人,14,男,27.2,2,46.6
1335,EU,欧洲,海外华人,24,女,16.5,3,44.3
1336,EU,欧洲,海外华人,25,男,18.7,1,21.4
1337,EU,欧洲,海外华人,34,女,17.9,2,34.1
1338,EU,欧洲,海外华人,14,女,39.2,2,88.5
1339,EU,欧洲,海外华人,22,男,17.5,1,14.1
1340,EU,欧洲,海外华人,30,男,19.1,3,66.3
1341,EU,欧洲,海外华人,29,男,16.8,1,14.5
1342,EU,欧洲,海外华人,22,女,29.5,5,119.4
1343,EU,欧洲,海外华人,28,女,20.1,2,45.4
1344,EU,欧洲,海外华人,20,女,20.5,3,65.3
1345,EU,欧洲,海外华人,20,女,16.9,2,31.0
1346,EU,欧洲,海外华人,29,男,15.3,3,44.5
1347,EU,欧洲,海外华人,14,男,14.8,1,12.7
1348,EU,欧洲,海外华人,15,男,20.8,3,58.2
1349,EU,欧洲,海外华人,32,女,20.3,4,91.0
1350,EU,欧洲,海外华人,14,男,3.1,2,6.6
1351,EU,欧洲,海外华人,20,男,23.3,3,72.5
1352,EU,欧洲,海外华人,18,女,20.4,3,50.2
1353,EU,欧洲,海外华人,26,女,19.7,1,22.7
1354,EU,欧洲,海外华人,22,男,25.3,2,52.5
1355,EU,欧洲,海外华人,14,女,28.2,1,30.8
1356,EU,欧洲,海外华人,32,男,25.6,1,27.3
1357,EU,欧洲,海外华人,22,男,12.6,2,20.2
1358,EU,欧洲,海外华人,30,女,22.8,2,41.5
1359,EU,欧洲,海外华人,14,女,20.1,4,85.6
1360,EU,欧洲,海外华人,21,女,21.8,3,59.3
1361,EU,欧洲,海外华人,25,女,18.5,2,36.0
1362,EU,欧洲,海外华人,27,男,4.2,3,14.5
1363,EU,欧洲,海外华人,21,男,17.7,3,49.9
1364,EU,欧洲,海外华人,14,女,22.2,2,42.8
1365,EU,欧洲,海外华人,23,女,18.2,3,60.2
1366,EU,欧洲,海外华人,19,女,11.7,2,26.2
1367,EU,欧洲,海外华人,21,女,20.4,1,17.3
1368,EU,欧洲,海外华人,19,男,25.2,1,28.7
1369,EU,欧洲,海外华人,28,男,33.0,2,58.1
1370,EU,欧洲,海外华人,22,女,24.6,1,27.7
1371,EU,欧洲,海外华人,26,女,14.5,3,47.3
1372,EU,欧洲,海外华人,24,女,27.1,3,96.7
1373,EU,欧洲,海外华人,30,女,29.7,1,31.4
1374,EU,欧洲,海外华人,21,男,22.1,1,21.2
1375,EU,欧洲,海外华人,22,男,22.7,1,23.0
1376,EU,欧洲,本地消费者,21,男,29.7,2,67.7
1377,EU,欧洲,本地消费者,17,女,32.1,3,92.0
1378,EU,欧洲,本地消费者,22,男,18.0,3,53.9
1379,EU,欧洲,本地消费者,21,女,6.9,1,7.0
1380,EU,欧洲,本地消费者,21,女,28.3,5,139.7
1381,EU,欧洲,本地消费者,17,男,25.1,2,49.4
1382,EU,欧洲,本地消费者,19,男,30.8,2,63.0
1383,EU,欧洲,本地消费者,20,女,22.2,1,20.9
1384,EU,欧洲,本地消费者,16,女,3.0,1,2.6
1385,EU,欧洲,本地消费者,16,男,7.7,3,23.6
1386,EU,欧洲,本地消费者,17,男,14.5,3,48.6
1387,EU,欧洲,本地消费者,20,女,11.0,3,32.4
1388,EU,欧洲,本地消费者,25,女,34.8,1,39.0
1389,EU,欧洲,本地消费者,20,男,31.9,4,147.5
1390,EU,欧洲,本地消费者,17,女,8.9,2,16.2
1391,EU,欧洲,本地消费者,30,女,23.7,2,49.3
1392,EU,欧洲,本地消费者,29,男,21.6,1,19.2
1393,EU,欧洲,本地消费者,24,男,21.6,1,23.3
1394,EU,欧洲,本地消费者,22,男,12.8,2,25.3
1395,EU,欧洲,本地消费者,28,男,12.1,2,28.7
1396,EU,欧洲,本地消费者,25,女,8.5,4,38.6
1397,EU,欧洲,本地消费者,21,女,9.7,3,33.9
1398,EU,欧洲,本地消费者,26,男,3.0,2,6.4
1399,EU,欧洲,本地消费者,24,女,23.4,1,27.3
1400,EU,欧洲,本地消费者,39,女,22.7,4,74.5
1401,EU,欧洲,本地消费者,35,男,24.6,4,112.6
1402,EU,欧洲,本地消费者,24,女,19.0,8,133.4
1403,EU,欧洲,本地消费者,27,女,26.8,1,21.7
1404,EU,欧洲,本地消费者,32,女,29.1,2,66.7
1405,EU,欧洲,本地消费者,14,男,8.7,2,18.9
1406,EU,欧洲,本地消费者,27,男,28.4,2,60.4
1407,EU,欧洲,本地消费者,24,女,16.7,3,59.3
1408,EU,欧洲,本地消费者,18,女,14.8,3,41.0
1409,EU,欧洲,本地消费者,29,女,32.8,1,36.3
1410,EU,欧洲,本地消费者,32,女,17.3,3,51.9
1411,EU,欧洲,本地消费者,14,女,14.3,1,15.0
1412,EU,欧洲,本地消费者,18,女,16.0,6,106.7
1413,EU,欧洲,本地消费者,19,女,12.2,5,70.2
1414,EU,欧洲,本地消费者,20,男,24.6,2,50.2
1415,EU,欧洲,本地消费者,24,男,20.1,3,50.1
1416,EU,欧洲,本地消费者,22,男,14.2,1,14.1
1417,EU,欧洲,本地消费者,17,男,23.4,3,64.4
1418,EU,欧洲,本地消费者,36,女,14.5,4,57.4
1419,EU,欧洲,本地消费者,21,男,13.9,1,15.9
1420,EU,欧洲,本地消费者,20,女,18.0,4,69.2
1421,EU,欧洲,本地消费者,27,男,12.7,3,38.0
1422,EU,欧洲,本地消费者,25,女,18.0,2,41.4
1423,EU,欧洲,本地消费者,18,男,22.5,3,76.0
1424,EU,欧洲,本地消费者,24,女,10.9,4,38.1
1425,EU,欧洲,本地消费者,18,女,10.5,4,33.8
1426,EU,欧洲,本地消费者,16,男,4.8,2,8.5
1427,EU,欧洲,本地消费者,17,女,19.7,1,19.5
1428,EU,欧洲,本地消费者,14,男,21.8,1,20.9
1429,EU,欧洲,本地消费者,14,男,18.1,2,40.8
1430,EU,欧洲,本地消费者,15,女,13.7,4,48.6
1431,EU,欧洲,本地消费者,27,女,19.5,3,65.3
1432,EU,欧洲,本地消费者,17,男,25.7,3,65.2
1433,EU,欧洲,本地消费者,24,女,16.6,2,30.9
1434,EU,欧洲,本地消费者,29,男,17.4,5,96.0
1435,EU,欧洲,本地消费者,20,女,21.8,4,99.8
1436,EU,欧洲,本地消费者,29,女,22.8,5,115.8
1437,EU,欧洲,本地消费者,35,女,17.7,2,37.5
1438,EU,欧洲,本地消费者,25,女,29.1,3,79.1
1439,EU,欧洲,本地消费者,31,女,8.3,3,24.7
1440,EU,欧洲,本地消费者,16,男,21.3,5,123.6
1441,EU,欧洲,本地消费者,15,女,7.3,4,24.4
1442,EU,欧洲,本地消费者,23,男,20.2,2,44.6
1443,EU,欧洲,本地消费者,20,男,10.8,2,20.4
1444,EU,欧洲,本地消费者,20,女,21.1,4,85.4
1445,EU,欧洲,本地消费者,27,男,3.0,4,12.8
1446,EU,欧洲,本地消费者,16,男,10.4,1,11.5
1447,EU,欧洲,本地消费者,27,女,25.6,1,28.4
1448,EU,欧洲,本地消费者,30,女,13.8,4,59.2
1449,EU,欧洲,本地消费者,24,男,4.7,4,21.2
1450,EU,欧洲,本地消费者,23,女,24.0,1,23.0
1451,EU,欧洲,本地消费者,37,女,18.0,3,60.6
1452,EU,欧洲,本地消费者,17,男,23.5,2,47.2
1453,EU,欧洲,本地消费者,21,男,19.0,4,72.5
1454,EU,欧洲,本地消费者,28,男,19.0,1,15.2
1455,EU,欧洲,本地消费者,17,男,18.9,1,16.2
1456,EU,欧洲,本地消费者,17,女,19.4,1,22.9
1457,EU,欧洲,本地消费者,26,男,28.3,1,27.1
1458,EU,欧洲,本地消费者,22,女,18.8,1,15.7
1459,EU,欧洲,本地消费者,29,女,29.2,2,69.9
1460,EU,欧洲,本地消费者,21,男,23.1,3,61.7
1461,EU,欧洲,本地消费者,14,男,16.4,1,14.9
1462,EU,欧洲,本地消费者,17,男,23.9,1,21.5
1463,EU,欧洲,本地消费者,20,女,39.6,2,72.8
1464,EU,欧洲,本地消费者,21,男,25.3,1,30.3
1465,EU,欧洲,本地消费者,23,男,25.6,4,122.0
1466,EU,欧洲,本地消费者,24,女,9.1,3,26.6
1467,EU,欧洲,本地消费者,25,女,29.8,3,102.5
1468,EU,欧洲,本地消费者,26,女,5.4,1,5.4
1469,EU,欧洲,本地消费者,29,女,6.0,1,5.6
1470,EU,欧洲,本地消费者,25,女,18.3,2,37.7
1471,EU,欧洲,本地消费者,24,女,28.0,2,45.4
1472,EU,欧洲,本地消费者,18,女,26.3,1,24.0
1473,EU,欧洲,本地消费者,18,男,24.8,3,81.4
1474,EU,欧洲,本地消费者,30,女,25.7,2,43.3
1475,EU,欧洲,本地消费者,19,女,12.7,1,14.3
1476,EU,欧洲,本地消费者,14,女,6.5,1,5.6
1477,EU,欧洲,本地消费者,17,女,18.0,1,19.7
1478,EU,欧洲,本地消费者,21,女,22.2,1,24.2
1479,EU,欧洲,本地消费者,18,男,24.5,6,121.1
1480,EU,欧洲,本地消费者,20,女,12.1,3,30.8
1481,EU,欧洲,本地消费者,14,男,26.5,1,24.2
1482,EU,欧洲,本地消费者,23,女,13.9,5,80.5
1483,EU,欧洲,本地消费者,27,女,12.5,1,13.3
1484,EU,欧洲,本地消费者,30,女,17.1,2,30.6
1485,EU,欧洲,本地消费者,28,女,19.1,1,16.0
1486,EU,欧洲,本地消费者,22,女,23.7,3,67.2
1487,EU,欧洲,本地消费者,19,男,14.5,1,15.3
1488,EU,欧洲,本地消费者,17,女,20.2,3,56.9
1489,EU,欧洲,本地消费者,15,女,28.8,3,88.2
1490,EU,欧洲,本地消费者,21,男,20.0,5,90.9
1491,EU,欧洲,本地消费者,20,男,24.5,3,80.0
1492,EU,欧洲,本地消费者,26,女,32.2,5,191.3
1493,EU,欧洲,本地消费者,32,女,32.2,5,148.0
1494,EU,欧洲,本地消费者,25,男,29.9,2,68.7
1495,EU,欧洲,本地消费者,25,女,34.3,1,36.2
1496,EU,欧洲,本地消费者,14,女,22.1,2,52.8
1497,EU,欧洲,本地消费者,24,女,24.5,1,23.7
1498,EU,欧洲,本地消费者,18,男,7.2,3,18.1
1499,EU,欧洲,本地消费者,24,女,9.9,1,8.0
1500,EU,欧洲,本地消费者,29,女,6.8,1,7.6
